"var1","var2","var3","var4","var5","var6","var7","var8","var9","var10","var26","var27","var29","var36","var52","var54","var67","var74","var77","var84","var85","var89","var107","var108","var123","var129","var151","var169","var174","var187","var246","var251","var255","var257","var276","var365","var368","var380","var433","var509","var544","var545","var554","var566","var567","var742","var836","var842","var851","var1003","var1389","var1427","var1764","var1954","var1955","var2046","var2050","var2198"
0.7733437,-2.438405,-0.4825622,-2.721135,-1.217058,0.8278092,1.342604,0.05704174,0.1335689,0.5654274,1.488761,0.05363555,-0.7129418,1.42212,-0.4716049,-1.630151,-2.713565,-1.1555,1.639171,-0.3319823,-1.843263,-1.795165,-2.611831,-1.65653,-1.422543,-2.763035,0.3747997,-2.149006,-3.327018,-3.426515,1.604747,-0.681614,-1.514582,-1.210997,-1.526016,0.3682477,-1.11109,-2.232127,-2.629701,-1.844528,0.9376216,0.7801502,-1.850236,0.03459464,-1.23512,0.7311171,-1.869505,1.553629,-0.1328459,-3.231455,1.183076,-1.124854,-1.418404,0.3828786,-1.06045,-2.051826,-4.635629,0.1826548
-0.07817778,-2.415754,0.4127717,-2.825146,-0.6262365,0.05448819,1.429498,-0.1202486,0.4567917,0.1590529,1.091252,-0.4447258,-0.631864,1.047179,-0.2757535,-1.322006,-2.562652,-1.660731,1.12337,0.1814879,-0.5846516,-0.8615658,0.8554786,-2.304587,-1.859824,-2.264326,-0.3374327,-2.617296,-2.818423,-2.361274,0.7924947,-0.732096,-1.701005,-0.250001,-1.883875,0.1125248,-0.5651058,-0.60148,-2.362335,-1.699363,0.2367308,1.072679,-1.598004,-1.240983,-0.5573933,0.3808308,-0.427404,1.732505,0.2616717,-2.294617,0.5451111,0.2765706,-1.604948,1.091588,-1.113523,-3.007805,-1.356736,-1.597015
-0.08446916,-1.649739,-0.2413075,-2.875286,-0.8894054,-0.02747398,1.1593,0.01567648,0.1919418,0.4965847,1.503388,-0.1307923,-0.5079963,1.048406,-0.1940703,-1.420886,-1.9951,-0.8246235,1.584387,0.8091063,-1.05068,-0.3046248,-0.3792127,-2.054164,-2.116106,-2.050271,-0.4289385,-0.1920083,-3.055482,-2.259526,1.552741,-1.355571,-1.256319,-0.5313685,-1.375552,0.1906204,-0.3831656,-0.6036722,-2.727233,-1.478848,-1.042705,1.334238,-1.689564,1.014651,-0.9980432,-0.2871489,-0.5600159,1.454747,1.327261,-2.154165,-0.7044104,0.103639,-0.4869463,0.9684277,-0.8947739,-2.972016,-2.922482,-1.026106
0.965614,-2.380547,0.6252965,-1.741256,-0.8453664,0.9496868,1.093801,0.8197358,-0.2846201,0.9947322,1.069836,0.3162695,0.07408654,0.5865081,-0.5023615,-1.130413,-2.027988,-2.243373,1.02432,0.6216512,-0.5850105,-0.59711,-0.1529181,-0.7916424,-1.104127,-2.259526,0.7879572,-2.440698,-1.448595,-2.271086,1.135844,-1.226218,-1.657578,-1.047539,-1.458865,0.336115,-0.6969544,-1.19007,-2.626931,-1.197991,0.07008561,0.9006084,-1.704848,0.04707441,-0.1432932,-0.8278221,-0.9413522,1.037233,-0.04134296,-2.219163,0.853138,-0.3943768,-2.210918,1.024679,-0.6309238,-0.03957278,-2.425883,-0.4977449
0.0756639,-1.728785,0.8526265,0.2726953,-1.84137,0.3279359,1.251219,0.7714499,0.0309171,0.2783133,1.129562,0.788321,-0.06379213,1.195225,-0.1138408,-2.021928,-1.901128,-1.17863,1.15795,0.9190868,-1.895122,-1.331049,0.4368346,-1.947712,-0.674718,-1.590616,-0.645882,0.06259914,-2.248097,-2.000261,1.259143,0.08837711,-2.291645,-0.3642752,0.02371653,-0.07246317,0.2363361,-0.1779312,-1.961836,-1.974001,1.077525,1.190553,-1.187444,-0.4495737,-0.4111311,-0.1772146,-1.322006,0.7275969,-0.2827609,-1.539912,1.399038,-0.07688104,-1.600478,0.8330395,-0.8952634,-2.142168,-2.891372,-0.7366812
0.4588163,-2.875286,0.1358412,0.4053984,-2.082647,0.1378471,1.73353,0.3964244,0.04583342,0.3520643,1.61329,-0.6416939,-1.777857,1.223658,-1.678252,-2.407946,-1.581823,-1.244795,1.179485,0.9015831,-1.273323,-1.429202,1.687565,-1.193363,-2.049494,-1.806061,0.7598708,-1.324635,-1.872753,-2.877061,1.799992,-0.2749633,-1.348613,0.6859715,-0.06059962,-0.8087825,-0.859438,-0.7655028,-2.339249,-2.438405,0.7713574,1.909409,-1.777265,1.591763,-0.2817,-0.1532677,-2.019664,0.294608,0.06663008,-1.576487,1.651251,-0.1064722,-1.03423,1.503522,-0.7808861,-2.018158,-2.065144,0.4371576
0.06709774,-1.624044,0.5196268,0.2382292,-1.397558,0.138805,1.825291,-0.3054388,-0.05287349,-1.242367,1.050367,-1.189084,-1.744685,1.681666,-1.2269,-2.220084,-2.316684,-1.785579,1.465313,1.160115,-0.3021868,-1.666008,-0.2368622,-1.818309,-1.101115,-2.036382,1.754438,-1.682009,-2.117767,-3.068303,1.705112,-0.9915532,-2.130314,-1.361017,0.5875644,-0.0786104,0.2338065,0.09848695,-1.680397,-2.015153,0.875052,2.00279,-1.993631,0.469566,0.7763388,0.4154814,-1.285544,0.8826926,-0.3441819,-1.835085,1.507826,-0.4822382,-1.577455,1.217284,-0.6706032,-2.722656,-2.977892,-0.1759022
0.09412766,-1.795165,0.7027509,0.2060381,-1.868209,0.2881819,1.406072,0.7603384,-0.03905273,0.1361031,1.345811,0.7361109,-0.09915757,1.34516,-0.1997933,-2.066723,-1.874055,-1.283016,1.246486,1.142151,-1.925519,-1.393118,0.4045981,-2.037916,-0.7023898,-1.641445,-0.722576,-0.06913574,-2.273026,-2.106196,1.490587,0.008067371,-2.161086,-0.4283244,-0.0762333,-0.1485,0.1322556,-0.2505147,-2.046394,-2.051048,1.171119,1.204413,-1.250017,-0.5421443,-0.4601325,-0.210721,-1.40854,0.7069021,-0.3053031,-1.607939,1.666914,-0.1161968,-1.714243,0.7853617,-0.9311506,-2.234926,-2.922482,-0.8655976
0.1083161,-1.944911,0.6000994,-0.05108279,-1.981952,0.1192042,1.849116,0.2375197,-0.05034637,-0.2527011,1.603078,0.295799,-1.49388,1.831813,-1.073822,-1.940027,-3.283414,-1.322006,1.05567,1.320395,-0.8864892,-2.281803,-0.511159,-2.115276,-1.666008,-2.338212,0.1076878,1.341245,-2.950759,-2.868219,1.002175,-0.7180548,-3.123566,-1.992164,-0.3326794,-0.7129418,-0.5317088,-0.5303483,-2.882404,-2.250942,1.523771,1.134044,-1.250366,-0.5436932,0.2736085,-0.08045112,-2.260484,0.9130856,-0.1381133,-2.034851,1.196072,-0.8223451,-0.2400354,0.4460951,-0.231806,-1.154865,-3.499913,-1.563987
-0.970747,-2.347582,-0.3920061,-0.141218,-1.82325,-0.3035405,1.498551,-0.2064094,0.1447927,-1.572142,1.438911,0.8872738,-0.2444949,1.466214,-0.198329,-1.257374,-2.08828,-0.6818117,1.048722,1.045809,0.008265744,-1.277261,0.3180173,-2.85597,-2.016655,-1.536652,0.4957323,-1.169893,-2.898606,-2.312635,0.7878208,-0.4478508,-1.88783,-1.61144,-0.3543918,-0.5884269,-0.4944603,-1.136003,-2.99974,-1.658628,0.5270336,1.7154,-1.410177,-1.177006,-0.323793,0.5140803,-1.711471,0.8567955,-0.8561368,-1.633731,1.290747,-1.556371,-1.807889,-0.3815533,-0.3778986,-2.416874,-3.604538,-0.08697501
1.163932,-2.686778,0.04497337,-2.085057,-0.7050174,1.138057,1.311194,0.6106348,0.2316671,1.064745,1.386694,0.1671233,-0.4061654,1.012982,-0.1090339,-1.141311,-2.219163,-0.9301361,0.9664514,0.4142266,-0.6899523,-0.951141,1.301635,-0.913046,-1.690648,-2.253795,0.9693385,-2.187472,-1.597509,-2.272056,1.086978,-0.616001,-1.4503,0.09776172,0.8309071,-0.7015827,0.4741824,0.0488854,-1.773723,-1.639897,1.111627,1.372018,-1.136626,0.00856323,-0.5467983,-1.697723,-1.168284,1.282599,1.209348,-2.429283,1.389639,0.474929,-2.330985,1.396641,-0.7003732,-1.734434,-2.02647,-0.6437858
0.5036197,-2.645075,0.04008572,-2.956512,-1.587187,0.7705248,0.894127,0.1374114,-0.3050317,0.692597,1.236866,1.040135,-0.7279457,0.6494043,-0.2232686,-1.174738,-1.860467,-1.20865,0.8467263,0.241612,-1.06045,-0.4475379,0.6826422,-1.757358,-1.261249,-2.237734,1.083126,-1.345536,-2.009169,-1.67451,0.8735085,-1.157407,-1.615959,0.4028617,-0.5675724,0.4818704,0.03343478,-0.4735298,-1.460587,-0.7520483,-0.3966045,1.497903,-1.236496,0.524255,-0.862513,-0.06999337,-0.4820762,1.199965,-0.1781702,-2.251892,0.852328,0.2143046,-2.233059,1.711651,-0.701381,-1.151064,-1.701005,-0.7982855
1.187203,-2.154165,-0.1136167,-2.288682,-1.266558,0.6817323,1.18142,0.3440151,-0.04625338,0.7311652,1.339046,0.4942693,-0.2251456,0.8291193,-0.2977324,-1.17863,-1.75968,-1.288442,1.341166,0.9107152,-1.206309,-0.2874154,0.491031,0.3894712,-1.30453,-1.835085,1.443619,-2.002481,-1.433805,-0.1631073,-0.2596779,-1.075873,-1.664951,-0.2101039,0.3151756,-1.070316,0.4134994,-0.7147795,-1.293533,0.7812038,0.9319672,0.6981845,-1.339029,0.395886,-0.1759022,-1.31565,-1.124546,1.269423,1.628946,-1.708154,1.417357,-0.5266163,-1.377533,1.624386,-0.4992265,-1.089752,-1.779041,-0.8821309
0.005982072,-1.657578,-0.843505,-2.268184,-1.20932,0.5190319,1.773273,-1.218072,-0.303676,0.5074198,1.233056,-1.647659,-0.9416085,-0.1537341,-0.5021963,-1.705949,-0.08338161,-1.344385,0.07733134,-0.4147582,1.217461,-1.413871,1.4418,0.4093243,-1.123007,-0.8458323,1.67472,-1.240637,-1.536187,-1.118407,0.5122846,-0.9260886,-0.9142927,-0.847698,1.336579,-0.4806198,1.428971,-1.293168,-0.5974734,1.321249,1.018522,1.465591,-0.4780358,-0.9080746,0.5716573,-0.4974159,-2.179483,1.844194,0.4348945,-1.063342,1.630788,-0.7698123,-1.879935,1.913948,-1.367669,-0.7153928,-1.65339,-0.8933069
0.9968748,-1.440962,-0.996146,-1.518684,-0.9912837,0.5766134,1.174832,-0.3902317,-0.1571218,-0.3844867,1.710224,0.5961406,-0.7685175,0.4670618,-0.372514,-1.444771,-1.580365,-0.9048564,0.9741445,1.43122,-0.244878,-0.02419024,0.6040974,0.5502579,-1.35286,-1.603456,1.05786,0.089475,-1.413049,-1.331049,1.61917,-0.4144554,-1.103223,0.5608151,1.417405,-0.2927616,0.693647,-1.129793,-0.6034893,-0.7164158,0.5447052,1.207795,-1.056991,1.541609,1.117663,-1.253864,-0.8139598,0.8010594,0.1819882,-1.515492,1.384818,-0.604038,-1.720369,1.519623,-0.07806966,-1.619993,-2.244316,-0.3336562
0.7221233,-2.497384,-0.1030299,-2.049494,-0.9260886,0.5422661,0.7760627,0.4452626,-0.4183984,0.4079952,1.815183,0.4947572,-0.3862509,0.585896,-0.5301784,-1.666008,-1.547873,-0.9482975,1.040559,1.479215,-0.9824305,-0.06453852,0.5863412,-0.3699049,-1.492544,-1.462744,0.8888373,-0.94675,-1.891138,-1.354021,1.729654,-1.048109,-1.398772,1.216455,-0.1545508,-1.287354,1.053371,-0.6029409,-1.197659,-0.3218595,0.4475663,1.624149,-1.156453,1.671736,1.55686,-0.9856408,-0.5586163,0.6905939,-0.04520659,-1.535259,1.225656,0.4767309,-1.917323,1.390635,-0.8257647,-1.843263,-2.197325,0.3524862
0.6142663,-2.092324,-0.001701447,-1.512765,-0.9765717,0.5625258,1.226155,0.7853617,0.05240268,0.4743069,1.474328,0.2914002,-1.083822,0.8961697,-0.1460668,-1.070025,-1.773723,-0.8453664,1.389938,0.5002903,-0.5607164,-0.285551,0.703147,-0.5835755,-0.9075788,-0.9308969,1.011455,-0.6704077,-0.9980432,-0.6375233,1.403397,-1.081165,-1.796973,0.6999242,0.5868974,-0.0942008,1.302097,0.6161581,-1.061895,0.07445791,1.2561,1.87017,-0.7080578,0.5109056,-0.4179426,-0.7164158,-0.5540811,1.429402,0.6608306,-0.9996723,0.9901358,-0.00793137,-1.177655,0.5622409,-0.9994006,-1.006215,-0.5929399,0.5684906
0.9984236,-1.712025,-0.7003732,-1.382701,-0.7435987,1.178932,1.908772,-0.2872822,-0.2878154,0.04363404,1.725851,0.3057184,-0.3543918,0.9400463,-0.2002819,-1.190399,-1.544587,-1.323132,1.337209,0.7747732,-1.438852,-1.263015,0.7526418,-0.814637,-1.040438,-1.432967,1.886842,-1.068277,-1.263723,-1.46404,1.547711,-1.210662,-1.033387,0.1126141,0.3383277,0.3437315,1.273406,0.2504474,-1.201642,-0.954512,1.586313,1.629946,-0.7459152,1.855954,0.5160519,-0.6343124,-1.109875,1.425203,1.012292,-1.700457,0.8534361,0.05855189,-1.233058,1.155434,-1.338266,-1.184497,-1.720369,0.2000796
0.856753,-2.535779,-0.2725964,-1.677717,-0.8753887,1.03741,1.603541,-0.4001791,0.0605305,-0.01005034,1.691128,0.5272697,-0.4313985,1.303103,-0.154084,-1.664951,-2.709051,-1.47447,0.9865628,1.964423,-0.4696837,-1.039589,1.340486,-0.8615658,-1.901798,-1.959705,1.994673,-1.359068,-1.707051,-1.547403,2.11031,-1.981952,-0.9867132,-0.4332475,0.1966353,-1.622523,1.010437,-0.09387122,-1.909193,-0.5223923,1.054417,2.083234,-1.00076,1.871541,0.139675,-1.609938,-1.522343,0.5362594,1.525056,-1.799993,1.287772,-0.5803544,-1.710917,1.193741,-1.710364,-1.856618,-1.866914,0.3622792
0.6570536,-1.378326,-0.5542552,-1.998046,-1.089752,0.9530083,2.002925,0.3042442,0.5693398,0.3511497,1.82629,0.5250243,-0.850035,0.7275969,-0.8535507,-0.7182599,-1.526016,0.1686451,0.8828167,1.090513,-0.2475643,-0.6468363,-0.2373693,-0.8739499,-1.540845,-1.495663,2.252354,-0.2874154,-0.9956045,1.561549,1.90163,0.4190392,-1.942117,-0.5649299,2.109946,-0.9331826,-0.008132983,-0.6416939,0.1639879,2.021137,0.2801286,1.674101,-1.096315,0.03710309,1.491712,-1.526476,-1.314532,0.7614131,-0.139492,-1.782602,0.948603,-0.73961,-1.315277,0.4825496,-0.7164158,-0.9956045,-1.815847,-0.3332375
1.285507,-2.248097,-0.5390536,-1.274395,-0.8092317,1.111825,1.44206,0.9566262,-0.001601281,0.6941966,1.708342,0.5449372,-0.6867676,1.003275,-0.8589657,-1.520512,-2.327903,-1.069442,0.9461602,1.248612,-0.8312605,-0.7765288,0.8483544,-1.179605,-1.859824,-1.729912,1.716677,-1.835711,-1.962548,-1.000488,0.6409587,-1.962548,-2.081043,0.5644043,0.6776274,-0.003305457,0.583946,-0.526447,-1.288442,0.05078817,1.793075,1.299374,-1.307483,1.565277,0.2252214,-2.000261,-0.5521686,0.4746802,0.9687693,-2.051826,1.161744,0.6040974,-1.223156,1.972719,-1.39191,-2.640859,-2.324831,-0.1571218
0.7659329,-2.337177,-0.6947485,-1.508688,-0.7760941,1.110244,1.865227,-0.1972322,0.07936556,-0.1281743,1.261383,0.1417599,-0.981096,0.6540425,0.08489247,-1.246532,-2.246205,-0.4727273,0.7885483,0.8068776,-0.8126066,-0.3786285,1.184576,-1.440962,-1.638867,-2.138767,0.988537,-1.462312,-1.712025,-0.9152912,1.580009,-1.762007,-1.92278,-0.3914143,0.9548189,-1.389901,1.38934,1.25342,-2.210918,-0.4298603,0.7975522,1.798553,-1.209991,-0.1700768,-0.0336602,-0.9085706,-1.224856,0.8518162,2.149749,-1.833832,1.423325,0.1557209,-1.338266,1.496829,-1.6847,-2.177716,-2.271086,0.5786338
0.8382427,-1.833207,-0.5471439,-0.6808234,-0.7865791,2.452728,2.374962,0.2571971,-0.5033536,-0.02050888,1.837927,0.9711955,-0.1616957,0.8642393,-0.2418168,-0.7569393,-1.760842,-0.9319121,0.8075913,0.9108359,-1.294627,-1.09273,-1.354796,-1.373971,-1.006763,-1.958286,0.5180793,-1.271895,-1.655482,-1.804237,2.000804,-0.2620143,-2.199126,0.5873421,0.03014116,0.1049004,0.4205507,0.5486993,-0.9085706,-0.5466255,0.6813276,0.8896182,-0.8523774,1.088192,0.04821857,-0.4574428,-0.5911323,0.3205606,-0.6236211,-1.79276,1.534973,-0.3149848,-1.179931,1.311005,-0.8982053,-1.046969,-1.926206,0.2379139
0.313496,-1.797576,-0.3166304,0.3557145,-2.126114,0.2980284,1.909557,0.1708392,0.1452253,-0.1333028,2.138795,-0.2354692,-0.9915532,0.4926209,-0.9137939,-1.172474,-1.346689,-0.2424538,0.7510387,0.8997954,-1.290621,-2.286712,0.7338092,-1.415929,-1.751578,-0.09442058,0.6130753,-0.007326775,0.03893221,0.952854,0.9265183,-1.140685,-0.6254885,-1.427116,0.4071304,-0.3719336,-2.147292,-1.631172,0.4021262,2.244628,1.334659,-0.06560576,0.9553191,-1.595042,0.01754518,0.7069021,-2.107018,0.5513532,-0.8947739,0.4948182,-0.2252708,-0.429092,-1.591598,-1.553058,0.2359413,0.8774252,0.6570017,-2.016655
0.7376424,-1.056703,-1.782602,-1.598498,-1.006215,1.187996,1.153984,0.3332528,-0.08741146,-0.2415621,1.782803,0.5768381,-0.7459152,0.3384702,-1.058719,-0.4130941,-1.114132,-0.4690441,0.6205765,0.6805178,-0.7168253,-0.9660063,0.1209779,-0.8935512,-1.212677,-0.3044892,-0.8879463,0.4893772,-0.157707,1.508954,-0.5535592,-0.007024615,-1.399582,-0.3103368,-0.02757677,-0.4830483,-1.05843,-0.7003732,0.008761506,1.814515,0.7692745,-0.6587458,-0.04992581,-1.054691,0.2823931,-0.6337468,-1.355183,0.6714127,-0.5963835,-0.2699731,-0.6877617,-0.663006,-0.9283633,-0.2194006,1.546434,0.4248755,0.3204154,-0.1227328
1.026257,-2.640859,-0.05013607,-1.033387,-2.001,1.632236,1.51017,0.6803658,-0.2011375,0.7675123,2.365241,0.1322556,-1.873403,-0.2261481,-0.895753,0.2363361,-2.625549,-1.293168,1.128883,0.8620035,-2.292635,-1.949818,-0.2248951,-1.159637,-0.6620362,-0.836325,-0.4906963,-2.136224,-1.4503,2.424643,-0.7145751,-0.139952,-2.869981,0.1402835,-2.813411,-1.168606,-0.2896841,-1.989967,-0.8171244,2.52704,1.849808,0.7425562,1.880869,-0.8646475,0.4298975,-0.148268,-0.9308969,0.5858403,0.0905717,-0.065072,-1.08146,-0.74697,-1.129175,-0.9662691,1.795652,1.29981,0.7951621,-1.355571
0.2157563,-1.085597,-1.546463,0.2784647,-1.532477,-0.2547632,1.674383,-0.1374247,-0.05171444,0.0617534,1.650714,0.003294567,-1.819542,0.1826548,-1.569256,-1.496556,-0.971275,-1.087672,0.6434316,0.7677443,-1.232715,-1.901128,-0.09717191,-1.269757,-1.889813,0.8274158,-0.9308969,0.5846707,-0.874669,1.727772,-1.102319,1.688175,-2.628315,-0.3717886,-0.04342956,-1.596028,-1.477095,-1.860467,-1.267268,1.804643,1.524403,0.07547846,-0.1734015,-1.188099,-0.4967584,0.09984533,-1.676647,0.4617194,-0.007326775,0.3565549,-1.811554,0.2334898,-1.34977,-0.08839415,1.62928,0.2291256,-0.3149848,-0.5109923
-0.1619309,-1.025827,0.03101405,0.2958734,-1.82573,-0.06091841,1.427628,0.328152,0.03169245,0.8882616,1.416993,0.03873983,-1.779633,0.2003252,-0.2305459,0.3274315,-1.67291,-1.432129,0.5672438,0.5719395,-1.142878,-0.7881174,0.3544525,-0.8734707,-1.9951,-0.2611051,-0.7429679,-0.3351931,-1.332564,1.627533,-1.383099,-0.03541995,-1.169893,0.03440143,-1.090644,-0.099268,-0.3971994,-0.8007324,-0.9508822,1.583238,1.363512,-0.3514032,1.093298,-1.515037,0.1715976,0.6004835,-1.828216,0.03207989,0.1528069,0.625457,-1.096914,0.3592117,-1.762589,-0.2978671,1.491037,1.134912,0.3356862,-1.628111
0.3710117,-1.813392,-0.953214,0.1127928,-1.852147,-0.0697789,1.931565,-0.3649952,0.2352302,0.03748844,1.695927,-0.8333292,-2.125276,0.5475432,-1.903809,-1.634243,-0.5703987,-1.915963,-0.03967682,0.5572129,-0.3833123,-2.907721,0.8092844,-1.202308,-1.311929,0.355294,-2.012157,1.241991,-1.590126,1.824936,-0.9560716,1.145528,-2.066723,-0.9715392,-0.9829649,-0.6616485,-1.274038,-0.4049652,-1.679324,1.823258,0.1368883,0.1715134,-1.033668,-1.199981,0.8925716,-0.1505904,-1.555897,0.6450068,-0.3204808,0.1150237,-1.152013,-0.8126066,-1.651302,-1.054978,1.433011,-0.9988575,0.422912,-0.7900987
-0.03180031,-0.0790432,-0.573588,-2.556188,-0.2647471,0.3333244,1.088461,0.6430111,0.4469909,1.080109,1.140682,-0.8537855,-1.690648,0.4613412,-0.8067639,0.2381504,-1.510951,-2.704556,1.119395,-0.1175456,-1.662839,-0.5850105,1.026866,-1.112306,-1.820159,-1.634243,-1.510045,-0.3928945,-1.21672,1.428467,-0.6126738,0.7588881,-1.643512,-0.1647567,-1.545056,0.7070994,-1.876011,-1.998046,0.3256279,1.435323,-1.194353,0.3784364,-1.859824,-2.534517,-1.682546,-0.3578185,-0.8356328,1.147879,0.7454075,-0.7940731,-1.048395,-0.6329933,-2.072267,-0.7036016,1.17844,-1.011976,1.124897,-0.2922257
0.3067491,-1.259133,-1.851509,0.4583105,-1.7065,0.1883036,1.764594,-0.2625343,-0.3276711,-0.7819784,1.465614,-0.09486028,-1.065661,-0.01025238,-1.342469,-1.171828,-0.6768802,-0.6093577,0.4441729,0.9745974,-0.8677387,-1.927579,0.5086833,-1.671313,-1.293168,-0.9720677,-0.9781661,0.615618,0.4030622,0.6173994,-0.6066026,-1.864976,-1.820776,-2.411285,0.6826927,-1.093923,-1.10262,-1.346305,-0.6411242,2.431638,1.36785,-0.6502793,-0.6597124,-1.259838,0.817089,-0.8787541,-1.397962,0.5704144,-1.460587,0.02058663,0.3691468,-0.9867132,-1.624044,-1.673443,1.592231,-0.330868,-0.9426347,-1.506881
0.4324316,-2.700082,-0.4021207,0.1307651,-3.216379,-0.5533852,1.809714,-0.6416939,-0.3400988,0.03372487,1.785507,-1.133825,-2.385967,-0.04646287,-1.874706,-2.357041,-0.3831656,-0.8908667,-0.3504089,0.3763795,-1.425451,-3.89222,0.4221255,-1.010052,-2.582299,0.1917767,-1.267978,1.058172,-1.230659,1.319299,-0.671973,0.8824444,-2.079442,-2.645075,0.2302383,-0.8330991,-1.80667,-1.807279,-1.203306,2.109413,0.8704562,-0.156303,-0.08555789,-1.615456,0.7710337,-0.08088473,-2.087474,0.8067437,-0.6073365,0.01410012,-0.5626454,0.4062648,-1.947712,-0.7857012,1.061257,-0.6009327,0.1015633,-1.29975
0.8929402,0.02683665,-0.06262036,-2.216407,-0.9771029,0.8870267,1.265595,0.7777181,0.4787156,1.097812,1.439764,0.1987689,-0.732928,0.80875,-0.8775509,-0.002002003,-0.622316,-1.638352,0.8500655,0.4838449,-1.010052,-0.8114804,0.8894538,-1.153597,-2.291645,-2.403511,0.8249646,-0.4321685,0.2384656,1.106481,-0.7402388,0.5484682,-0.4480073,-0.3770234,-1.611941,-0.6753073,-1.320132,-0.6837911,-0.0692429,1.508224,-0.05826491,0.2184124,-1.240983,-2.383795,-0.1997933,-0.3875761,-0.5257701,1.330359,-0.2639655,0.2568878,-0.3776068,-0.3495575,-2.110313,-0.7635696,1.253762,0.02664193,1.12285,-1.626076
0.1084059,0.3235317,-1.338266,-2.613195,-0.5266163,0.6773734,1.461054,-0.2358489,0.308587,0.4323667,1.545561,0.1706706,-1.322006,0.5659386,-0.4034671,-0.4400566,-0.9563318,-1.133204,0.9998595,0.3506569,-0.1744724,-1.137561,0.7899108,-1.143191,-1.328403,1.456077,0.7946653,-0.3612569,-0.744651,1.927281,-0.5573933,-0.1916449,-1.639382,-0.9832321,1.122687,-1.084118,-0.02963481,-1.861753,0.6660843,1.978004,-0.2653989,0.2799775,1.855407,-1.96326,-0.1664088,-0.1624013,-0.7459152,1.169537,0.3776827,1.026006,-1.265848,-0.2637052,-1.395941,-0.6097256,1.599993,1.795419,0.6242793,-0.4916768
0.7331368,-0.09025299,-0.5436932,-2.698595,-0.3774609,0.6252965,1.394287,0.2395679,0.3543823,0.7858175,1.47059,0.6767129,-0.4199191,0.7911809,-0.3184162,-0.2690566,-1.407314,-1.703749,1.284566,0.6441145,-0.7440195,-1.000216,0.6254035,-0.7306414,-0.5271244,1.044825,0.4620345,-0.1018113,-0.2546342,1.622631,-0.3582476,-1.046115,-1.102319,-1.20364,0.6687008,-0.2830263,-0.1824816,-1.232715,-0.3290598,1.609358,0.15212,0.4121097,1.376446,-1.968974,-0.5841134,-0.8400244,-0.7931885,1.134751,0.3243274,0.991324,-1.057854,-1.226559,-1.879935,-0.5261085,1.352738,1.437558,-1.653912,-1.211333
0.2394105,-0.7642136,-0.06785067,-2.688248,-0.9339457,1.182616,1.570884,0.4229775,0.4545092,0.4703786,1.566426,1.278041,-0.5658099,0.5109056,-0.8613292,-0.6180397,-0.9150415,-1.50914,1.328904,0.6051899,0.3317468,-2.521986,-0.5594908,-0.8809236,-1.232715,1.105389,0.7986327,-0.6243677,0.07788654,1.958319,-0.5987465,-0.8729918,-0.409172,-1.684161,-0.6182253,-0.09673119,0.5637216,-1.297185,-0.4136989,1.871525,1.328241,-0.2034635,0.4146891,-2.395797,-0.07246317,0.0593061,-1.226559,1.595582,-0.3412235,0.1935911,-0.4436344,-1.876664,-1.872102,-0.5716378,1.006826,1.805909,-1.061895,-0.2400354
1.242309,0.2511477,-1.092133,-2.415754,-1.133514,0.8693249,1.413691,0.6869782,-0.09014355,1.04767,1.920182,0.5445312,-0.4656929,0.4520942,-0.5196982,-0.7072461,-0.3356126,-1.252113,1.082212,0.3704595,-0.8833396,-1.413049,0.489132,0.2864563,-1.218748,1.095307,1.443218,-0.3844867,-0.00040008,2.078541,-0.7612119,0.1401097,-0.5020311,-1.015007,0.927824,-0.7846048,-1.250017,-1.259486,0.300697,2.098202,1.208035,0.735488,1.428923,-1.671313,-0.3158072,-0.8027389,-0.6191535,1.344508,0.4451985,0.5558372,-0.006923915,0.4953058,-1.808499,-0.4500442,1.720389,1.130886,0.4698786,-0.67629
0.6202539,-0.6462636,-0.3844867,-1.199649,-0.9135445,1.25937,1.985543,-0.1026974,0.6527418,-0.1684187,1.624346,-0.331425,-1.027222,0.8485257,-0.644357,-0.4962655,-0.4374203,-1.021651,0.7535835,0.6244935,-0.9377698,-1.131342,0.3981048,-0.844668,-0.9945226,1.880792,0.8090618,-0.1154109,-0.3720787,2.401244,0.02936461,0.2401187,-1.284099,-0.5596658,1.455144,-1.05297,-0.713554,-0.6466453,-0.616001,2.288831,0.794575,0.4203537,1.112647,-0.8758688,0.3269268,-0.4531858,-0.9584157,-0.02767957,-0.3081569,0.2175278,-0.4118857,-0.5656339,-0.9969586,-0.488575,2.068697,0.3773399,-0.1543174,0.05344598
1.131821,-0.9390477,-0.932166,-1.236152,-2.195526,1.739922,1.701087,0.4304829,-0.2704972,0.2489672,1.995054,0.2667393,-1.05297,-0.4304753,-1.354021,-1.610939,-1.584258,-0.6717772,1.062467,1.022127,-1.112002,-2.163693,0.09020627,-1.021929,-1.883217,-0.5207076,1.009526,-1.472724,-0.283159,2.438339,0.006776984,1.227562,-2.45807,-0.1694843,0.01350835,-1.4267,-0.8881893,-2.672201,0.8339086,2.489181,0.3979033,0.2277728,-0.1228458,-1.489435,0.4446217,-1.098112,-0.7507763,0.8162936,-0.8255364,-0.8622761,-0.145257,-0.4352544,-1.226559,-0.09332216,1.39669,0.9306669,0.7691355,-0.002603386
0.7066555,-0.5974734,-0.9975008,-1.014179,-0.4889011,1.760252,1.950044,-0.4405225,-0.6335584,0.825096,2.217136,-0.02234786,-0.7813229,0.3543823,-1.331427,-0.938792,-0.7892176,-1.121779,0.4043979,0.947169,-1.344769,-0.9472655,-0.07915144,-0.6717772,-1.80363,1.237243,1.106184,-0.1438704,-1.043272,-0.244878,0.06803241,0.5240182,-2.046394,-0.6066026,-1.245489,-1.140998,-1.001849,-1.464472,-0.349132,2.943639,1.375789,-1.107451,2.32177,-1.13538,0.5797545,-1.789761,-1.142878,1.617446,-2.072267,-1.010052,0.3647126,-1.196666,-1.344769,-0.8928184,-0.5261085,1.283846,-0.814637,-0.7211352
0.8025844,0.6547701,-1.223156,-1.736136,-0.953214,1.686362,1.965685,0.2198582,0.2709427,0.5714879,1.969961,0.4715025,-1.042988,1.047249,0.1205348,-0.6829988,-1.662311,-0.5920357,0.7859998,1.161462,-1.147592,-1.071484,0.7528773,-0.6110144,-1.594057,0.629728,0.8284645,0.3789158,-1.206643,2.393339,-0.7857012,0.5689436,-1.580365,-0.27194,1.21755,-1.033949,-0.7689489,-0.9752449,-0.3417863,2.367577,0.8408342,0.5371949,1.011492,-0.5093267,0.5068778,-1.205975,-1.126395,0.979303,-0.03936472,0.2216224,-0.608071,-0.3591065,-0.4307829,-1.168927,0.7185225,1.233289,0.7810665,-0.3159444
0.2442003,-0.2523149,-1.508688,-1.943513,-1.79036,-0.7457044,2.250397,0.5745325,0.1698272,0.2569651,2.124988,-0.6335584,-1.577455,-0.1225067,-1.794563,-3.399199,-0.1351327,-1.588655,1.728376,0.9089841,-1.585721,-0.9127968,0.1579435,-0.4289385,-1.897787,-0.5767874,-0.05013607,1.064952,-1.04384,1.680884,-0.9670578,0.931337,0.1019246,-0.4235782,0.2097746,-1.959705,-2.542112,-2.560061,0.3545928,2.051839,-0.1327317,1.045106,-0.6147058,-0.2451336,0.3599795,-0.2838229,-0.7389817,1.028833,-0.005012542,-0.5161732,-0.1453727,-0.1070286,-1.766092,-0.2600669,1.093801,1.323275,0.6788454,0.8431607
0.7079373,-0.347149,0.0429637,-2.286712,-1.538514,-1.118101,2.864085,0.8072791,0.5519868,0.2907274,2.202223,-0.278392,-2.110313,0.6609339,-1.394327,-1.300117,-0.009040745,-1.603953,2.491634,-0.953214,-0.6341238,-1.239945,-0.954512,-0.7273246,-1.745831,0.3068227,1.123045,1.630455,-0.340661,2.950269,-1.549755,1.597183,-0.4621942,0.07297161,-1.632707,-0.3538219,0.4473745,-2.08828,-0.7129418,3.486154,0.339539,0.3098349,-0.5864476,-1.114742,0.6058994,-1.388296,-2.161954,1.95229,-1.035074,-0.3339355,-1.544118,-0.08218667,-1.370027,-0.4164249,-0.4552333,0.4682521,-0.8928184,0.5092243
0.2240232,-1.495217,0.3864182,-2.297598,-0.8319496,1.045809,1.257921,0.3469882,-0.6392273,0.6413274,1.427244,-0.592759,-2.068304,0.6131836,-0.8393297,-1.507784,-1.454573,-0.5320493,1.388766,0.4544457,-1.934476,-1.407722,-2.161954,-1.901128,-1.830708,-1.587187,-1.155818,-1.757938,-2.709051,1.350356,-1.439695,1.283542,1.002065,-1.105033,-1.253513,-1.757938,-1.236496,0.6615533,-1.958286,1.544686,1.32596,-0.08012604,-2.04562,-2.99174,-0.3859566,1.386819,-1.170216,-0.5773216,0.8021361,-1.975442,-1.177655,-0.2923597,0.5199241,-0.1002624,-1.026385,-2.569158,0.6016896,-0.9462346
0.216884,-2.058072,1.061257,-2.121097,-0.7213409,0.3359721,1.081229,-0.1634605,0.8288574,0.3865541,1.311382,-0.7219583,-1.822631,0.1605019,-0.760142,-1.10262,-2.233059,-1.893128,1.377808,0.5478323,0.9108761,-1.528319,-2.200931,-2.011409,-1.603953,-1.937942,-0.5371696,-2.000261,-1.910543,1.046933,-1.00076,1.498193,0.3848542,-1.564943,-0.5992926,-1.225537,-1.015559,-1.467504,-2.010662,1.315308,-1.399582,0.1986869,-1.250366,-1.623537,-0.644357,1.125157,-1.008954,-1.572624,0.1655992,-1.679324,-1.040438,0.01014833,-1.24897,0.1451388,-0.5239109,-1.815847,-0.1220546,-0.8618025
-0.2429637,-1.949818,0.1507449,-1.918003,-1.211669,0.9384827,1.741413,-0.8105803,0.5404038,-0.08359902,1.788989,-1.246532,-1.671845,0.2578927,-1.318636,-1.323132,-1.698816,-0.4495737,1.609658,0.8675206,-0.993982,-1.410587,0.03469124,-1.954043,-1.351313,-1.237874,-0.6346896,-1.255617,-1.94561,2.185332,-1.597015,0.6842073,1.125092,-1.508236,-0.7094798,-0.9885926,-0.6749144,-0.3021868,0.1835708,2.093936,0.4091251,0.4837216,-1.18417,-1.914605,-0.2643562,1.336579,-0.8686918,-1.551169,-0.3434767,-1.453717,-0.8205261,-0.3149848,-0.1036952,-0.5296687,-0.9125477,-1.021096,0.7395536,-0.9255838
-0.4193105,-2.552329,0.3343271,-0.08741146,-2.359155,-0.1594648,1.581244,-0.5257701,-0.5739429,0.01400152,1.53424,-0.2357223,-2.193731,0.2659731,-1.7487,-2.66931,-1.514128,-1.375157,0.9734647,0.686324,-2.206366,-1.016111,-1.606941,-2.709051,-1.15233,-1.92278,-0.9760407,-1.973281,-2.721135,-0.9602426,-0.7254638,0.4578678,0.1819882,-0.9452047,-0.8442027,-1.735001,-1.606941,0.5050087,-0.4334017,-1.398367,0.8998768,-0.009848336,-1.931022,-1.497002,-0.3780445,1.227943,-1.446044,0.5313927,0.1683071,-1.595535,-1.145704,-0.6725605,-0.8809236,-0.5518212,-1.180908,-2.371935,1.331865,-0.3730947
-0.5261085,-2.068304,-1.134136,0.2332523,-1.979053,0.1577727,1.516862,-0.5723465,-0.2775997,0.06100102,1.469118,-0.7072461,-2.253795,0.7145661,-2.632479,-2.682382,-1.960415,0.5250243,1.092225,1.22768,-1.641961,-1.745258,-2.335108,-2.081844,-1.889813,-1.959705,-0.5244176,-1.619488,-2.430418,-1.729348,-1.404458,-0.5200346,-0.1059162,-0.7473922,-0.008939842,-1.539912,-1.139747,0.3536805,-2.411285,-1.543182,1.495418,-0.5497397,-1.853422,-1.373181,1.455097,1.254761,-2.153303,-1.29244,0.1195592,-0.9142927,-1.109572,0.262595,1.632842,-1.174738,-1.004576,-2.840439,1.114584,-0.1883799
-0.3273936,-2.504701,-0.4480073,0.4814998,-2.130314,0.2654365,1.690114,-0.4552333,0.0453557,0.350516,1.661935,-0.8237116,-1.722607,0.1892972,-1.396749,-2.39251,-1.199649,0.3325359,0.9338556,1.102803,-1.972562,-2.009915,-1.915284,-2.492536,-2.640859,-2.639457,-0.9539926,-1.722607,-3.733877,-3.310443,0.1365394,-0.6579731,0.2428677,-0.8935512,-0.07526248,-2.200931,-2.43726,-0.367447,-3.211404,-2.782235,0.8587464,-0.4633061,-2.069095,-1.285183,-0.6099096,0.824877,-2.032558,-0.565986,0.07816402,-1.831332,-1.184497,-0.2296648,0.4717521,-0.4552333,-1.066823,-0.2225187,0.9201632,-1.480605
0.2965427,-2.065144,1.160742,0.4363176,-2.278869,-0.3945252,1.417454,-0.3379934,0.9948061,0.5952587,1.434346,-0.3518296,-0.9969586,0.2053054,-1.137249,-1.949818,-1.05843,-2.446455,0.507179,0.4993197,0.4556511,-1.697723,-2.04099,-2.275943,-1.702102,-2.097198,0.3212136,-2.521986,-2.854233,-0.4812668,0.1908683,1.361925,0.3490358,-1.357901,0.4222567,-2.001,-2.108664,-1.966113,-2.633871,0.585005,-2.073062,0.5777363,-1.291348,-1.715354,-0.2916901,0.6265799,-1.770781,-0.8896488,-0.000300045,-1.805453,-0.838173,-0.4377301,-1.480605,-0.1351327,-0.5124937,-3.174859,-0.2323104,-1.498344
-0.5878867,-1.637837,-0.3465832,0.4916428,-1.698816,0.5237813,1.855188,-0.3629805,-0.2915562,0.1654297,1.804709,-0.9063404,-1.60147,-0.01796033,-1.173767,-1.989235,-1.083231,0.5230111,0.3958187,0.8291193,-2.113619,-2.417996,-2.534517,-2.885981,-2.582299,-1.84074,-0.9994006,-0.8945292,-3.042824,0.4262476,-1.056128,0.1737012,0.09157594,-2.031795,-0.05213575,-1.332943,-1.342086,0.1302385,-1.502828,1.653991,1.495238,-1.142251,-1.858541,-2.796881,0.3672093,1.055879,-1.899122,-0.2134408,0.3743872,-1.317142,-1.707051,0.2992153,0.8133717,-0.6616485,-0.6804284,-2.300587,0.5087435,-0.6824051
-0.061131,-2.056507,0.6195006,0.3079258,-1.881903,0.291699,1.559806,-0.4576009,0.5915573,0.5352645,1.560038,-1.821394,-1.710917,0.2079893,-1.205641,-1.659679,-1.895122,-0.199305,-0.01857139,0.1459169,-1.282295,-2.037916,-1.309704,-1.960415,-1.613446,-1.852784,-0.1575899,-2.183026,-2.69711,-1.629641,-0.2851519,0.2811105,-0.5940261,-1.852147,0.2049796,-1.865621,-2.191939,0.5366103,-1.771957,-1.00076,1.272902,0.2781619,-1.718695,-0.7892176,0.3668629,1.362079,-1.933784,-1.064791,-0.505175,-1.669188,-0.7377262,0.4685651,0.760245,-0.4596573,-1.033105,-1.864976,-0.09387122,-1.204973
0.2040015,-2.043302,0.2456875,0.1144887,-2.139616,0.5525049,1.408961,0.1365394,1.255815,0.2755842,1.276089,-1.339793,-2.192834,0.976181,-0.9689007,-1.608438,-1.720928,0.004390348,0.5273287,0.629728,-1.510045,-1.062473,-2.000261,-2.620039,-1.422129,-0.6804284,0.3953474,-0.6925474,-2.400198,0.488764,-1.041571,-0.3963072,0.2268168,-0.3611134,-0.08392523,-1.92278,-3.072613,0.3975673,-3.496608,1.07606,0.2256205,-1.033949,-1.805453,-1.704848,0.5503732,1.103202,-1.355959,-1.280854,0.07945792,-1.099613,-0.8173508,-0.684584,1.196858,-0.7391911,-0.8237116,-0.8901358,0.2502917,-0.351119
0.2424755,-2.859455,0.2603623,0.3612345,-2.69711,0.4368992,1.933418,-0.4007761,1.050787,0.1176941,1.585104,-0.5983826,-1.820776,0.7412228,-0.921806,-1.641445,-2.181253,0.485077,0.4933539,0.7796918,-0.9298827,-2.223774,-1.971125,-1.857258,-3.313187,-2.24055,0.3219386,-1.318262,-2.835316,-1.104429,-0.01227503,0.383424,0.2302383,-1.505078,0.1054405,-2.491327,-2.700082,0.177309,-1.538048,-0.03946874,1.435775,-0.08599371,-2.024953,-0.5071657,0.3631142,0.857941,-1.714798,-1.550226,-0.7052198,-2.204551,-0.7368901,-0.2506432,0.5400543,-0.6808234,-1.397962,-4.840893,-0.5907711,-2.122767
0.5337997,-1.529241,0.436059,0.5837786,-1.648179,-0.01298393,1.736106,0.1288329,0.3491769,0.7904554,1.639987,-1.468807,-3.11903,0.6879839,-1.745258,-2.404618,-1.812166,-1.80972,0.6478883,0.4282046,-0.7973972,-1.723167,-1.343618,-1.79036,-2.328929,-1.952633,-0.6284837,-0.1510555,-2.985782,-4.000854,-1.050966,1.091319,0.293341,-0.9026344,0.1791499,-2.249044,-2.432694,-0.2949081,-3.33541,-3.557851,1.51572,0.04094999,-1.547403,-1.357124,-0.4140014,1.782567,-2.336142,-0.9390477,0.563437,-1.137249,-1.36375,0.4660584,-0.8025157,-1.129175,-0.7528972,0.06005976,0.5922213,-1.898454
-1.940027,-2.877061,0.07129688,-2.121932,-0.9326742,0.84998,1.203993,0.09048035,0.8189425,0.6291952,1.662543,0.05826891,-1.037611,0.5276237,-0.698964,-1.274395,-1.563987,0.886079,-0.2591594,-0.7100899,0.8229466,-2.060424,-2.126114,-2.221927,-0.2241441,-2.04176,1.154993,-2.209095,-2.077843,-2.124439,-1.096614,-1.831332,-1.610939,-2.249993,0.9577014,-1.601966,-1.435905,-2.323809,-2.643668,-2.141317,-1.629131,-0.8178038,-1.459726,-2.571773,-2.126953,-2.291645,1.496784,1.413982,-2.613195,-2.524479,-2.336142,-2.135377,-2.391416,-1.117795,-0.5507799,-1.976163,-0.2154234,-3.673006
-1.051824,-2.887775,0.6408534,-2.085057,-1.087079,0.695644,1.50964,0.7975072,0.3704595,1.027939,1.507582,-0.04719643,-1.17312,0.8978823,-0.878995,-1.595042,-1.695541,-0.6632001,0.07222763,-0.2352161,0.6040974,-1.866914,-2.254748,-2.406835,-0.1497769,-1.571661,1.731372,-1.944212,-1.649739,-1.871452,-1.085005,-1.409358,-1.664422,-1.232372,1.535813,-0.850269,-1.486778,-2.227478,-2.251892,-1.677717,-1.003757,-0.9942523,-1.089157,-2.902242,-2.586275,-1.520054,0.3292318,0.1139535,-2.403511,-2.131999,-1.017217,-1.901798,-2.048718,-0.7800131,-0.9576337,-2.093135,-0.8449007,-4.074542
-0.9686372,-2.748872,0.3336826,-1.144133,-0.7721904,0.7488184,1.209677,0.4921931,0.501684,1.122492,1.414785,0.2421616,-0.6649485,0.68934,-0.3752754,-1.342086,-1.274038,0.2394105,-0.290085,-0.7743572,1.044965,-1.720928,-2.647896,-1.664422,-0.05361177,-1.905824,1.241182,-2.296603,-1.549755,-2.224699,-1.395941,-2.290657,-2.069095,-2.417996,1.330676,-0.8025157,-1.412638,-1.992897,-2.234926,-1.789761,-1.185151,-0.3862509,-1.316768,-2.787093,-2.811745,-1.344385,1.171057,1.101707,-2.787093,-1.673976,-0.8523774,-2.214574,-2.106196,0.0292675,-0.2600669,-1.962548,0.258279,-3.669077
-2.683846,-2.117767,-0.5232356,-2.174192,-0.4489469,0.5430217,1.338731,0.1942501,0.599276,0.6373702,1.458871,-0.5402544,-1.206309,0.5060342,-0.6879607,-1.006763,-1.551169,0.9065232,1.035388,0.05723063,-0.2349631,-1.611941,-1.817077,-2.325854,0.2314291,-1.831957,1.316194,-2.268184,-1.789163,-1.751001,-0.847698,-2.011409,-0.435409,-2.099644,1.512288,-1.211669,-1.2269,-1.338266,-2.028748,-1.023319,-1.403644,-0.1537341,-1.427116,-2.569158,-1.832581,-1.629641,1.199392,1.142693,-2.282782,-1.836339,-1.74985,-2.025711,-1.581823,-1.020541,-0.7985077,-2.420243,-0.2392729,-3.725543
-1.207646,-2.47813,0.09430968,0.2734564,-1.113218,-0.2836901,1.105985,0.8012838,0.3815822,0.7148108,1.440664,-0.2707594,-0.5796399,-0.008334637,-1.301586,-2.60911,-1.696086,0.7681155,-0.1033625,-0.01035341,1.330676,-1.654435,-2.939352,-2.08828,-0.2352161,-1.746977,1.560374,-1.922096,-2.047168,-2.248097,-0.6358221,-2.175952,-2.175952,-2.317699,1.739097,-1.627602,-1.634756,-2.491327,-2.61456,-2.346537,-0.7518362,-0.951141,-1.878625,-1.71758,-1.062763,-1.925519,0.1143103,0.7852705,-2.224699,-1.222476,-1.80363,-2.250942,-1.482365,0.1346183,-0.5598408,-2.653562,0.5601299,-3.39621
-1.684161,-2.053384,0.5638354,0.3144457,-2.052605,-0.6301724,1.570967,0.1373242,1.036985,0.9736536,1.472541,0.9598865,-1.467071,0.693697,-1.365708,-2.80346,-1.668657,0.6889383,-0.03998901,-0.4558641,0.6025111,-2.180367,-2.30559,-2.956512,-0.05045154,-1.530627,1.380553,-1.876664,-2.339249,-3.182062,-1.104731,-0.7155973,-1.822631,-1.001032,1.704494,-1.512765,-1.667597,-2.337177,-2.324831,-1.992897,-1.89712,0.08691137,-2.028748,-1.61445,-1.313044,-0.3046248,0.06212937,0.6119371,-2.029509,-0.8262215,-1.084709,-2.849038,-2.024953,-0.2475643,-0.7027936,-3.112266,0.3161237,-2.553614
-2.258568,-2.308603,-1.443076,0.2330939,-1.779633,-0.03066541,1.532665,-0.4084195,0.7951621,0.3762422,1.609018,-0.683593,-1.957578,0.451394,-0.927099,-2.210918,-2.543384,0.5348546,-0.3755666,-0.6161861,0.8706656,-2.048718,-2.795243,-2.945039,0.2689579,-1.404866,1.518988,-1.613446,-2.020418,-2.24526,-1.312672,-3.055482,-2.407946,-2.60234,1.718149,-1.015835,-1.422543,-1.734434,-1.278337,-1.895788,-1.998046,-0.735846,-1.712579,-1.414282,-1.325387,-1.352473,0.3701142,0.05154826,-2.290657,-0.8641728,-2.704556,-2.695628,-1.707602,-0.7044104,-0.123864,-2.688248,-0.4006268,-2.03027
-1.146333,-3.007805,-0.02932583,0.2378351,-2.859455,0.04229291,1.318417,-0.5404261,0.1830713,0.5034384,1.369174,-1.215708,-1.972562,-0.2300423,-0.7337609,-2.197325,-2.800165,0.2963197,-0.5868071,-0.9014021,1.239562,-1.988505,-2.63666,-2.531998,0.3290159,-2.011409,1.630847,-1.908518,-2.135377,-2.375156,-2.053384,-3.223888,-3.125841,-2.004705,1.847257,-0.9662691,-1.150432,-1.722047,-2.018158,-1.779633,-1.752154,-0.8287378,-1.931022,-1.087376,-1.325011,-1.857258,0.6563276,0.3080728,-2.473373,-1.49388,-1.942815,-2.277892,-1.390704,-0.6751108,-1.076166,-3.208925,-0.9829649,-2.543384
