"var1","var2","var3","var4","var5","var6","var7","var8","var9","var10","var11","var12","var13","var14","var15","var16","var17","var18","var19","var20","var21","var22","var23","var24","var25","var26","var27","var107","var119","var123","var129","var153","var169","var174","var182","var187","var229","var236","var246","var248","var251","var255","var276","var336","var338","var368","var422","var433","var509","var544","var545","var554","var566","var567","var575","var589","var603","var607","var695","var714","var742","var756","var783","var788","var819","var836","var842","var846","var851","var1003","var1055","var1076"
0.7733437,-2.438405,-0.4825622,-2.721135,-1.217058,0.8278092,1.342604,0.05704174,0.1335689,0.5654274,1.499824,0.3935949,1.625921,0.8181927,0.01054421,-0.5454171,0.1865626,1.26472,-1.046399,0.6916961,0.912363,1.911126,-0.3562465,0.7373554,1.437605,1.488761,0.05363555,-2.611831,-0.3814068,-1.422543,-2.763035,-0.5898688,-2.149006,-3.327018,-0.4261781,-3.426515,-3.036554,0.001199281,1.604747,0.5256157,-0.681614,-1.514582,-1.526016,1.083431,-0.82189,-1.11109,0.3450071,-2.629701,-1.844528,0.9376216,0.7801502,-1.850236,0.03459464,-1.23512,0.2814125,-0.8889188,-3.013896,-0.8744293,-1.584745,-3.009831,0.7311171,-1.047254,-2.526979,0.8407047,-2.108664,-1.869505,1.553629,-3.803169,-0.1328459,-3.231455,-2.529486,-3.199073
-0.07817778,-2.415754,0.4127717,-2.825146,-0.6262365,0.05448819,1.429498,-0.1202486,0.4567917,0.1590529,1.145909,0.3806942,1.556522,0.008166563,0.1587117,-0.2741737,0.3254113,1.647774,-1.299016,1.249787,0.5489881,1.698236,-0.8365558,-0.117883,1.620022,1.091252,-0.4447258,0.8554786,-1.791559,-1.859824,-2.264326,0.1202688,-2.617296,-2.818423,-0.8689302,-2.361274,-2.329956,-2.72418,0.7924947,0.8172657,-0.732096,-1.701005,-1.883875,0.8409636,-1.275827,-0.5651058,0.717791,-2.362335,-1.699363,0.2367308,1.072679,-1.598004,-1.240983,-0.5573933,-0.3858096,-0.836325,-1.36375,-0.0885034,-1.360237,-2.343407,0.3808308,-0.4555486,-2.234926,0.5046466,-3.272804,-0.427404,1.732505,-3.083471,0.2616717,-2.294617,-2.094758,-1.389499
-0.08446916,-1.649739,-0.2413075,-2.875286,-0.8894054,-0.02747398,1.1593,0.01567648,0.1919418,0.4965847,1.388741,-0.5306883,1.614903,-0.2080087,0.07927318,-0.5373407,0.004390348,1.472311,-0.9043622,0.693697,0.3204154,1.571881,-1.093326,0.532861,1.503455,1.503388,-0.1307923,-0.3792127,-2.348629,-2.116106,-2.050271,-0.5124937,-0.1920083,-3.055482,-0.853316,-2.259526,-2.014403,-2.006191,1.552741,0.2816388,-1.355571,-1.256319,-1.375552,0.574251,-1.779633,-0.3831656,0.1238976,-2.727233,-1.478848,-1.042705,1.334238,-1.689564,1.014651,-0.9980432,-1.057854,-0.5610668,-0.9281103,-0.5679252,-1.485894,-2.192834,-0.2871489,-0.5487006,-1.278337,0.2652064,-2.7678,-0.5600159,1.454747,-2.285728,1.327261,-2.154165,-1.205641,-0.8879463
0.965614,-2.380547,0.6252965,-1.741256,-0.8453664,0.9496868,1.093801,0.8197358,-0.2846201,0.9947322,1.014832,0.08250122,1.0476,0.9720281,-0.1707883,-0.0438474,-0.4254127,0.4528575,-0.680231,0.3938648,0.7147619,1.115732,0.2871319,0.5723346,0.928575,1.069836,0.3162695,-0.1529181,-0.1586441,-1.104127,-2.259526,-0.520876,-2.440698,-1.448595,-0.1414484,-2.271086,-1.278337,-0.1416788,1.135844,0.2505252,-1.226218,-1.657578,-1.458865,0.7718197,-0.771974,-0.6969544,0.191529,-2.626931,-1.197991,0.07008561,0.9006084,-1.704848,0.04707441,-0.1432932,-0.0983849,-0.3069329,0.07612736,0.1671233,-0.8601467,-2.196425,-0.8278221,-0.1110433,-1.601966,0.7242097,-0.9197969,-0.9413522,1.037233,-1.082345,-0.04134296,-2.219163,-2.26915,-0.6485563
0.0756639,-1.728785,0.8526265,0.2726953,-1.84137,0.3279359,1.251219,0.7714499,0.0309171,0.2783133,1.112219,-0.3936354,1.186776,0.4180522,-0.3865452,0.086728,0.1375857,1.147402,1.203483,0.6311654,0.5522746,1.222392,-1.602462,0.995804,0.7010161,1.129562,0.788321,0.4368346,-1.206309,-0.674718,-1.590616,-0.8123813,0.06259914,-2.248097,-0.04134296,-2.000261,-1.729348,0.3985076,1.259143,0.0475513,0.08837711,-2.291645,0.02371653,1.164868,-0.7752253,0.2363361,-0.1098149,-1.961836,-1.974001,1.077525,1.190553,-1.187444,-0.4495737,-0.4111311,-0.2160438,-0.8763491,-1.219763,0.4918874,-1.438852,-2.179483,-0.1772146,0.1710078,-0.5684547,0.3038015,-0.4663304,-1.322006,0.7275969,-1.577455,-0.2827609,-1.539912,-0.9902064,-0.7264972
0.4588163,-2.875286,0.1358412,0.4053984,-2.082647,0.1378471,1.73353,0.3964244,0.04583342,0.3520643,1.694514,-0.3776068,1.825613,0.3449363,-0.3969019,-0.7476034,0.03652477,0.3312443,0.3256279,-0.9929018,-0.1103731,1.777999,-1.611941,1.43537,1.010946,1.61329,-0.6416939,1.687565,-1.634243,-2.049494,-1.806061,0.1370627,-1.324635,-1.872753,-1.514128,-2.877061,-1.045261,0.9450337,1.799992,-0.3159444,-0.2749633,-1.348613,-0.06059962,0.4045313,-1.225196,-0.859438,0.09712671,-2.339249,-2.438405,0.7713574,1.909409,-1.777265,1.591763,-0.2817,-0.8166717,-0.560191,-2.281803,0.06952606,-1.690648,-3.015935,-0.1532677,0.1299751,-1.892464,-0.5579172,-0.9051035,-2.019664,0.294608,-2.118598,0.06663008,-1.576487,-2.174192,0.02790695
0.06709774,-1.624044,0.5196268,0.2382292,-1.397558,0.138805,1.825291,-0.3054388,-0.05287349,-1.242367,1.830852,-1.347074,1.268243,-0.3319823,-0.2240189,-0.1468772,0.5721653,0.6969898,0.646108,-1.422129,-0.6661158,1.786747,-3.172469,1.671473,-0.3874287,1.050367,-1.189084,-0.2368622,-0.2497442,-1.101115,-2.036382,-0.3946735,-1.682009,-2.117767,-0.7704603,-3.068303,-1.828216,-0.6707988,1.705112,-0.2646168,-0.9915532,-2.130314,0.5875644,1.671511,-2.116106,0.2338065,-0.05625294,-1.680397,-2.015153,0.875052,2.00279,-1.993631,0.469566,0.7763388,-1.182211,-1.010876,-2.02647,0.9991234,-1.312301,-1.65026,0.4154814,0.4512667,-1.592581,-0.2587707,-0.4111311,-1.285544,0.8826926,-1.702102,-0.3441819,-1.835085,-0.2060406,-1.541779
0.09412766,-1.795165,0.7027509,0.2060381,-1.868209,0.2881819,1.406072,0.7603384,-0.03905273,0.1361031,1.300028,-0.4194626,1.390834,0.2985478,-0.3762947,0.05401459,0.1655992,1.287082,1.238316,0.5638923,0.524255,1.463857,-1.652345,1.195679,0.5969116,1.345811,0.7361109,0.4045981,-1.302689,-0.7023898,-1.641445,-0.876109,-0.06913574,-2.273026,-0.068493,-2.106196,-1.833832,0.3067491,1.490587,-0.03035612,0.008067371,-2.161086,-0.0762333,1.338679,-0.8175773,0.1322556,-0.1262437,-2.046394,-2.051048,1.171119,1.204413,-1.250017,-0.5421443,-0.4601325,-0.2502578,-0.9162907,-1.308223,0.4314577,-1.499687,-2.265289,-0.210721,0.2279321,-0.6616485,0.1991787,-0.5118261,-1.40854,0.7069021,-1.623537,-0.3053031,-1.607939,-1.033949,-0.7563
0.1083161,-1.944911,0.6000994,-0.05108279,-1.981952,0.1192042,1.849116,0.2375197,-0.05034637,-0.2527011,1.735965,-1.470546,1.129044,-0.02932583,-0.244878,0.2120422,0.2102609,1.15092,1.012001,-1.013904,0.2587423,1.857173,-2.143873,1.773358,-0.148268,1.603078,0.295799,-0.511159,-0.9175415,-1.666008,-2.338212,-0.6156307,1.341245,-2.950759,-0.5549517,-2.868219,-0.8850343,-1.29975,1.002175,-0.514499,-0.7180548,-3.123566,-0.3326794,1.759099,-1.726534,-0.5317088,-0.001801622,-2.882404,-2.250942,1.523771,1.134044,-1.250366,-0.5436932,0.2736085,-1.255617,-1.505528,-2.565249,0.8753437,-1.86111,-2.446455,-0.08045112,0.1310283,-2.217325,-0.9964168,-0.8481649,-2.260484,0.9130856,-1.195674,-0.1381133,-2.034851,-0.2568296,-1.667597
-0.970747,-2.347582,-0.3920061,-0.141218,-1.82325,-0.3035405,1.498551,-0.2064094,0.1447927,-1.572142,1.582128,-0.8739499,1.457126,-0.0806679,-0.1612256,0.5727294,0.7776262,1.543213,1.163963,0.1978668,0.6854678,1.601748,-1.665479,1.451239,0.3948759,1.438911,0.8872738,0.3180173,-0.3592497,-2.016655,-1.536652,-1.855338,-1.169893,-2.898606,-0.5450721,-2.312635,-1.859182,-1.728785,0.7878208,-0.2556667,-0.4478508,-1.88783,-0.3543918,1.147085,-1.587676,-0.4944603,0.4541918,-2.99974,-1.658628,0.5270336,1.7154,-1.410177,-1.177006,-0.323793,-0.7293963,-1.712579,-1.29244,0.1185827,-1.942117,-1.743541,0.5140803,0.08562709,-0.4402118,-0.937259,-2.304587,-1.711471,0.8567955,-2.275943,-0.8561368,-1.633731,-2.787093,-1.656006
1.163932,-2.686778,0.04497337,-2.085057,-0.7050174,1.138057,1.311194,0.6106348,0.2316671,1.064745,1.393022,0.0623173,1.402438,0.3873011,1.027188,-0.730849,0.3703214,1.200386,-0.353537,0.5458066,0.4144909,1.367494,-0.6356333,1.363486,1.312002,1.386694,0.1671233,1.301635,-1.137873,-1.690648,-2.253795,-1.076459,-2.187472,-1.597509,-0.9329284,-2.272056,-2.156755,-1.636295,1.086978,0.210909,-0.616001,-1.4503,0.8309071,1.047144,-2.248097,0.4741824,-0.2088709,-1.773723,-1.639897,1.111627,1.372018,-1.136626,0.00856323,-0.5467983,-1.104127,-0.597837,-1.232029,0.4769792,-2.574394,-3.009831,-1.697723,-0.1390322,-2.453408,-0.5083287,-0.3458763,-1.168284,1.282599,-0.951141,1.209348,-2.429283,-2.30961,-0.5942072
0.5036197,-2.645075,0.04008572,-2.956512,-1.587187,0.7705248,0.894127,0.1374114,-0.3050317,0.692597,0.9605373,-0.157707,1.553587,0.9076132,0.4123083,-0.1097033,-0.7236064,0.8514748,-1.373971,0.5789141,0.08489247,1.78413,-0.6279214,0.993511,1.173689,1.236866,1.040135,0.6826422,-1.528319,-1.261249,-2.237734,-0.7427577,-1.345536,-2.009169,-0.4652151,-1.67451,-2.304587,-0.6456912,0.8735085,-0.2724651,-1.157407,-1.615959,-0.5675724,1.001881,-1.774313,0.03343478,-0.1938275,-1.460587,-0.7520483,-0.3966045,1.497903,-1.236496,0.524255,-0.862513,-1.014455,-0.87707,-0.9160408,0.1326935,-2.141317,-2.475749,-0.06999337,-0.5535592,-1.738977,0.8223316,0.4515214,-0.4820762,1.199965,-0.4560218,-0.1781702,-2.251892,-2.284745,-0.7194912
1.187203,-2.154165,-0.1136167,-2.288682,-1.266558,0.6817323,1.18142,0.3440151,-0.04625338,0.7311652,1.571508,-0.8540204,1.550112,1.013345,0.650344,0.239804,0.1249572,0.9089841,0.7104958,0.5504309,0.9881648,1.719941,0.1250455,1.527251,0.8081263,1.339046,0.4942693,0.491031,1.0936,-1.30453,-1.835085,-1.016111,-2.002481,-1.433805,0.139675,-0.1631073,-1.579879,-1.387095,-0.2596779,-0.1852458,-1.075873,-1.664951,0.3151756,1.448095,-1.448595,0.4134994,-0.6077037,-1.293533,0.7812038,0.9319672,0.6981845,-1.339029,0.395886,-0.1759022,-1.573106,-0.7876777,-1.65026,0.4698161,-2.192834,-2.181253,-1.31565,0.06541314,-2.164564,0.1318174,-0.04730127,-1.124546,1.269423,-1.140372,1.628946,-1.708154,-1.7487,0.1961423
0.005982072,-1.657578,-0.843505,-2.268184,-1.20932,0.5190319,1.773273,-1.218072,-0.303676,0.5074198,1.591376,0.4615934,2.249205,-1.791559,0.1234558,0.9693006,-0.1737583,-0.007226045,-2.08828,-0.6508543,-0.01338924,1.572151,-0.4383499,0.7240158,1.160021,1.233056,-1.647659,1.4418,-0.2706283,-1.123007,-0.8458323,-0.02881108,-1.240637,-1.536187,-0.8682151,-1.118407,-1.870154,-1.322756,0.5122846,-0.4340189,-0.9260886,-0.9142927,1.336579,0.5946519,-1.651824,1.428971,1.060633,-0.5974734,1.321249,1.018522,1.465591,-0.4780358,-0.9080746,0.5716573,-0.3831656,-0.648365,-1.971125,0.4148872,-1.301586,-2.006935,-0.4974159,-0.4480073,-1.659679,-2.281803,-0.02572815,-2.179483,1.844194,-1.662311,0.4348945,-1.063342,-0.05192507,0.1904551
0.9968748,-1.440962,-0.996146,-1.518684,-0.9912837,0.5766134,1.174832,-0.3902317,-0.1571218,-0.3844867,1.506386,-0.436801,1.29289,0.5853949,0.03681397,-0.9223088,-0.1226197,0.4158114,0.2296821,0.01133551,0.4335989,1.635359,-0.4703237,1.485755,0.7501417,1.710224,0.5961406,0.6040974,0.3688703,-1.35286,-1.603456,-0.8377106,0.089475,-1.413049,-0.02860526,-1.331049,-1.751001,-0.902881,1.61917,0.4447499,-0.4144554,-1.103223,1.417405,0.5696793,0.3844457,0.693647,-0.1320468,-0.6034893,-0.7164158,0.5447052,1.207795,-1.056991,1.541609,1.117663,-0.8354022,-0.6698214,-0.293566,-0.05308437,-0.3358924,-1.991431,-1.253864,0.4894998,-1.29244,-0.688956,-0.8991878,-0.8139598,0.8010594,-1.296819,0.1819882,-1.515492,-1.592581,0.6178847
0.7221233,-2.497384,-0.1030299,-2.049494,-0.9260886,0.5422661,0.7760627,0.4452626,-0.4183984,0.4079952,1.908104,-0.626985,1.488783,0.7449329,0.1941678,-0.8051967,-0.4869463,0.4242869,-0.05224111,-0.02378053,0.4831666,1.809812,-0.3581045,1.273518,-0.1375394,1.815183,0.4947572,0.5863412,0.6330256,-1.492544,-1.462744,-1.053257,-0.94675,-1.891138,-0.1856069,-1.354021,-1.889152,-1.001849,1.729654,0.1181385,-1.048109,-1.398772,-0.1545508,0.4734352,-0.6460728,1.053371,-0.409925,-1.197659,-0.3218595,0.4475663,1.624149,-1.156453,1.671736,1.55686,-0.9618112,-0.499556,-0.6921477,0.2431814,-0.9055981,-1.774313,-0.9856408,0.09975483,-2.018911,-0.1212641,0.4281394,-0.5586163,0.6905939,-1.063052,-0.04520659,-1.535259,-1.662311,-0.6867676
0.6142663,-2.092324,-0.001701447,-1.512765,-0.9765717,0.5625258,1.226155,0.7853617,0.05240268,0.4743069,2.049098,-0.5390536,1.312702,0.8563284,0.2159981,-0.7211352,0.2682699,1.078444,-0.3453112,0.01911612,-0.1986949,2.007516,-1.17409,1.153952,0.5784095,1.474328,0.2914002,0.703147,0.5962507,-0.9075788,-0.9308969,-0.5791045,-0.6704077,-0.9980432,-0.1692474,-0.6375233,-1.215708,-1.053543,1.403397,-0.2215199,-1.081165,-1.796973,0.5868974,1.629789,-1.026664,1.302097,-0.3897886,-1.061895,0.07445791,1.2561,1.87017,-0.7080578,0.5109056,-0.4179426,-0.813283,-0.5661622,-1.04868,-0.05203041,-0.8333292,-1.140998,-0.7164158,0.4121759,-0.906588,0.2229035,0.01449445,-0.5540811,1.429402,-0.9560716,0.6608306,-0.9996723,-1.116878,-0.3353329
0.9984236,-1.712025,-0.7003732,-1.382701,-0.7435987,1.178932,1.908772,-0.2872822,-0.2878154,0.04363404,1.938166,-1.00076,1.701871,0.8067437,0.256114,-0.5929399,0.06849942,1.005217,-0.7029955,0.1474713,0.6632548,2.030409,-0.03479851,1.383967,0.8714607,1.725851,0.3057184,0.7526418,0.6266868,-1.040438,-1.432967,-0.948814,-1.068277,-1.263723,-0.366581,-1.46404,-1.491655,-1.18319,1.547711,-0.503519,-1.210662,-1.033387,0.3383277,1.566363,-1.020263,1.273406,-0.5493932,-1.201642,-0.954512,1.586313,1.629946,-0.7459152,1.855954,0.5160519,-1.034511,-0.4576009,-1.329536,0.08746128,-1.432967,-1.300484,-0.6343124,0.02097841,-1.50643,0.5687737,-0.6038551,-1.109875,1.425203,-1.275469,1.012292,-1.700457,-1.52326,-0.1853662
0.856753,-2.535779,-0.2725964,-1.677717,-0.8753887,1.03741,1.603541,-0.4001791,0.0605305,-0.01005034,1.893609,-0.3076127,1.581306,0.6394299,0.266203,-1.083231,-0.06999337,0.8902342,-0.8521429,-0.3783364,0.7388373,2.03252,-0.3917101,1.250646,1.113304,1.691128,0.5272697,1.340486,0.7943942,-1.901798,-1.959705,-1.11109,-1.359068,-1.707051,-0.3582476,-1.547403,-1.672378,-1.818309,2.11031,-0.5457622,-1.981952,-0.9867132,0.1966353,1.792093,-1.458005,1.010437,-0.657394,-1.909193,-0.5223923,1.054417,2.083234,-1.00076,1.871541,0.139675,-1.629641,-1.003211,-0.1174331,-0.04835026,-1.615959,-2.65926,-1.609938,0.4880277,-1.964685,0.03140176,0.3524862,-1.522343,0.5362594,-1.938637,1.525056,-1.799993,-1.985587,-0.2715463
0.6570536,-1.378326,-0.5542552,-1.998046,-1.089752,0.9530083,2.002925,0.3042442,0.5693398,0.3511497,1.315147,0.05391984,1.067122,0.9099507,0.03198305,-0.6279214,0.2134164,0.2529353,-1.616966,0.07945792,1.211584,1.937287,-0.6165566,1.678796,1.348047,1.82629,0.5250243,-0.2373693,-0.1749488,-1.540845,-1.495663,-0.111714,-0.2874154,-0.9956045,-0.4736904,1.561549,-1.349384,-0.923819,1.90163,-1.023598,0.4190392,-1.942117,2.109946,0.2188945,-0.2851519,-0.008132983,-0.5801757,0.1639879,2.021137,0.2801286,1.674101,-1.096315,0.03710309,1.491712,-0.422357,-0.5497397,-1.081165,-0.1358197,-1.513219,-1.205641,-1.526476,1.139146,-0.8898923,0.54627,-0.463783,-1.314532,0.7614131,0.3391116,-0.139492,-1.782602,-1.522343,1.71259
1.285507,-2.248097,-0.5390536,-1.274395,-0.8092317,1.111825,1.44206,0.9566262,-0.001601281,0.6941966,2.029056,-0.370629,1.847935,0.9358188,0.2803553,-1.159318,-0.4293993,0.284502,-0.921806,-0.3789206,0.6255105,2.115279,-0.4182464,1.435227,0.5001084,1.708342,0.5449372,0.8483544,-0.1449102,-1.859824,-1.729912,-1.394327,-1.835711,-1.962548,-0.6174833,-1.000488,-1.2396,-1.381506,0.6409587,-0.5086613,-1.962548,-2.081043,0.6776274,0.986339,-1.354408,0.583946,-0.9339457,-1.288442,0.05078817,1.793075,1.299374,-1.307483,1.565277,0.2252214,-0.9508822,-0.1657005,-1.639897,0.5208156,-1.417579,-1.523719,-2.000261,0.8250523,-1.614953,-0.3436177,-1.653912,-0.5521686,0.4746802,-1.178955,0.9687693,-2.051826,-1.80363,-0.4585495
0.7659329,-2.337177,-0.6947485,-1.508688,-0.7760941,1.110244,1.865227,-0.1972322,0.07936556,-0.1281743,1.902152,-0.9416085,2.209504,0.6994771,0.2323015,-0.4895535,0.059683,0.5289798,-1.188099,-0.1421398,-0.09684135,1.822418,-1.345536,1.174492,0.8717953,1.261383,0.1417599,1.184576,1.14298,-1.638867,-2.138767,-0.3914143,-1.462312,-1.712025,-0.82645,-0.9152912,-1.452007,-0.6564296,1.580009,-0.1558354,-1.762007,-1.92278,0.9548189,0.6435367,-1.405681,1.38934,-0.5459348,-2.210918,-0.4298603,0.7975522,1.798553,-1.209991,-0.1700768,-0.0336602,-0.6861716,-0.8599104,-1.782602,-0.03728658,-0.9607652,-1.811554,-0.9085706,0.1499705,-1.577455,0.7678835,0.2359413,-1.224856,0.8518162,-0.7843857,2.149749,-1.833832,-1.920047,0.4722511
0.8382427,-1.833207,-0.5471439,-0.6808234,-0.7865791,2.452728,2.374962,0.2571971,-0.5033536,-0.02050888,1.791759,-0.4076675,1.670778,1.436251,0.3080728,-0.04510197,-0.04196848,0.4514577,-0.6931472,0.1506589,0.5611575,2.23452,-0.0753703,1.728252,1.316247,1.837927,0.9711955,-1.354796,-1.048965,-1.006763,-1.958286,-0.7244315,-1.271895,-1.655482,-0.3415049,-1.804237,-1.020263,-0.4944603,2.000804,-0.1926143,-0.2620143,-2.199126,0.03014116,0.3893357,-0.9683738,0.4205507,-0.3136155,-0.9085706,-0.5466255,0.6813276,0.8896182,-0.8523774,1.088192,0.04821857,-0.7017844,-0.2693184,-1.240291,-0.06881432,-1.548813,-1.798784,-0.4574428,0.5451111,-1.236152,0.8268473,-0.2347102,-0.5911323,0.3205606,-1.321256,-0.6236211,-1.79276,-1.418818,0.1976206
0.313496,-1.797576,-0.3166304,0.3557145,-2.126114,0.2980284,1.909557,0.1708392,0.1452253,-0.1333028,2.210536,-0.7620686,1.035069,0.5840575,-0.586987,-0.1293117,-0.02061095,0.8889195,0.9753895,0.3629055,0.910675,2.129505,-1.085005,2.282117,0.802674,2.138795,-0.2354692,0.7338092,-0.4492603,-1.751578,-0.09442058,-0.1923719,-0.007326775,0.03893221,-0.8911104,0.952854,-0.6055027,-0.2567003,0.9265183,-0.2336991,-1.140685,-0.6254885,0.4071304,0.5660522,-0.08534005,-2.147292,0.5161116,0.4021262,2.244628,1.334659,-0.06560576,0.9553191,-1.595042,0.01754518,-1.002121,-1.359068,-0.3450287,-0.05551271,-1.958286,-2.352826,0.7069021,0.90008,-2.445301,-0.3891981,-1.992164,-2.107018,0.5513532,-1.688481,-0.8947739,0.4948182,-0.01989663,0.07436508
0.7376424,-1.056703,-1.782602,-1.598498,-1.006215,1.187996,1.153984,0.3332528,-0.08741146,-0.2415621,1.711958,-0.4220519,1.22407,0.1206234,0.06212937,-0.9689007,-0.6639768,0.911037,0.6628941,0.01911612,0.6557049,1.797162,-0.4389702,1.792009,0.139501,1.782803,0.5768381,0.1209779,-0.8340197,-1.212677,-0.3044892,0.2625181,0.4893772,-0.157707,-0.8074363,1.508954,0.1492817,-0.7438091,-0.5535592,-0.1384578,-0.007024615,-1.399582,-0.02757677,-0.117883,0.2912507,-1.05843,-0.0692429,0.008761506,1.814515,0.7692745,-0.6587458,-0.04992581,-1.054691,0.2823931,-0.799397,-0.444102,0.2551072,0.2299205,-1.09273,-0.02726843,-0.6337468,0.572673,-1.133825,0.1737012,0.1292723,-1.355183,0.6714127,-1.288079,-0.5963835,-0.2699731,-0.117658,0.06578774
1.026257,-2.640859,-0.05013607,-1.033387,-2.001,1.632236,1.51017,0.6803658,-0.2011375,0.7675123,1.861798,-0.5271244,2.073574,0.9646236,-0.2172857,-2.209095,0.09803374,1.105224,-0.8223451,0.4882732,0.77781,1.793109,-0.8587296,1.615718,2.013929,2.365241,0.1322556,-0.2248951,-2.008424,-0.6620362,-0.836325,-0.5230669,-2.136224,-1.4503,-1.584745,2.424643,-0.5628209,0.221382,-0.7145751,-0.2980018,-0.139952,-2.869981,-2.813411,-0.7524726,-0.184043,-0.2896841,0.000499875,-0.8171244,2.52704,1.849808,0.7425562,1.880869,-0.8646475,0.4298975,-0.4097744,-0.6812186,0.4304829,-1.207312,-1.677717,-1.358679,-0.148268,0.6737605,-1.847061,0.5794744,0.2158369,-0.9308969,0.5858403,-1.240983,0.0905717,-0.065072,-0.2050581,-1.311929
0.2157563,-1.085597,-1.546463,0.2784647,-1.532477,-0.2547632,1.674383,-0.1374247,-0.05171444,0.0617534,1.305843,-0.3969019,1.597143,0.3181628,-0.5739429,-0.7337609,-0.1136167,0.1866455,0.8083937,-0.924071,0.1655992,1.773612,-0.5600159,1.187782,0.7673266,1.650714,0.003294567,-0.09717191,-2.042531,-1.889813,0.8274158,0.2717051,0.5846707,-0.874669,-1.695541,1.727772,-0.7381445,-0.8989421,-1.102319,-0.8081092,1.688175,-2.628315,-0.04342956,0.2791457,-0.4716049,-1.477095,-0.06166266,-1.267268,1.804643,1.524403,0.07547846,-0.1734015,-1.188099,-0.4967584,-0.07235566,-0.3419271,-0.4604494,-0.2805079,-1.129175,-0.4155154,0.09984533,-0.4126408,-1.71591,-0.7711087,0.3882511,-1.676647,0.4617194,-1.84833,-0.007326775,0.3565549,0.6486204,-1.019431
-0.1619309,-1.025827,0.03101405,0.2958734,-1.82573,-0.06091841,1.427628,0.328152,0.03169245,0.8882616,1.263985,-0.2830263,1.163557,0.6173994,-0.8979598,-0.8679769,0.06419471,1.24522,0.531569,0.4118447,0.7507083,1.301798,-1.096614,0.806208,1.398692,1.416993,0.03873983,0.3544525,-1.963972,-1.9951,-0.2611051,-0.7635696,-0.3351931,-1.332564,-1.745258,1.627533,-0.8877033,0.3552239,-1.383099,-0.5807118,-0.03541995,-1.169893,-1.090644,-0.454918,-0.1972322,-0.3971994,0.2787675,-0.9508822,1.583238,1.363512,-0.3514032,1.093298,-1.515037,0.1715976,0.03140176,-0.6148907,0.3583036,-1.160275,-1.156771,-1.383498,0.6004835,0.3393253,-1.666538,-0.2605858,0.3789158,-1.828216,0.03207989,-1.064211,0.1528069,0.625457,-0.2870156,-1.976885
0.3710117,-1.813392,-0.953214,0.1127928,-1.852147,-0.0697789,1.931565,-0.3649952,0.2352302,0.03748844,1.830948,-0.02922286,1.575033,0.2720099,-0.2752266,-0.7425475,0.5233074,0.2632101,0.5128236,-1.616966,0.4851385,1.654392,-1.097813,1.749687,0.600648,1.695927,-0.8333292,0.8092844,-2.66069,-1.311929,0.355294,-0.04835026,1.241991,-1.590126,-2.191939,1.824936,-0.4327849,-0.04457904,-0.9560716,-0.5198664,1.145528,-2.066723,-0.9829649,-0.06357898,-0.6167418,-1.274038,0.08194858,-1.679324,1.823258,0.1368883,0.1715134,-1.033668,-1.199981,0.8925716,-0.8390982,-0.9945226,-0.4097744,-0.1218287,-2.081844,-1.189084,-0.1505904,0.3241827,-2.348629,-1.500584,-0.02613866,-1.555897,0.6450068,-2.407946,-0.3204808,0.1150237,0.2721623,0.4846459
-0.03180031,-0.0790432,-0.573588,-2.556188,-0.2647471,0.3333244,1.088461,0.6430111,0.4469909,1.080109,1.108695,0.5199241,1.394387,0.2264182,0.5134222,0.4611521,0.5510074,1.057825,-1.065081,0.2896801,0.06597499,1.332155,-0.713554,0.712067,1.006497,1.140682,-0.8537855,1.026866,-2.99174,-1.820159,-1.634243,0.300623,-0.3928945,-1.21672,-2.347582,1.428467,-0.9110545,-2.414635,-0.6126738,-0.6460728,0.7588881,-1.643512,-1.545056,0.595369,-0.5902296,-1.876011,0.2580473,0.3256279,1.435323,-1.194353,0.3784364,-1.859824,-2.534517,-1.682546,-0.04887517,-1.282655,0.3096148,-0.1363926,-1.381108,-1.49388,-0.3578185,-0.2089941,-1.918684,0.155892,0.05211795,-0.8356328,1.147879,-2.042531,0.7454075,-0.7940731,-1.173444,-0.1984509
0.3067491,-1.259133,-1.851509,0.4583105,-1.7065,0.1883036,1.764594,-0.2625343,-0.3276711,-0.7819784,2.631054,-1.804845,0.7505667,0.661966,-0.5359725,-1.200977,-0.6919479,0.6124793,0.7863187,0.6436418,1.10184,1.953524,-1.278337,2.461314,-0.08251242,1.465614,-0.09486028,0.5086833,-2.528232,-1.293168,-0.9720677,-0.3934871,0.615618,0.4030622,-1.573106,0.6173994,0.09830569,-0.3495575,-0.6066026,-0.801178,-1.864976,-1.820776,0.6826927,0.2566557,-0.09167679,-1.10262,-0.4615594,-0.6411242,2.431638,1.36785,-0.6502793,-0.6597124,-1.259838,0.817089,-1.67451,-1.526937,-1.513673,0.2134972,-1.496109,-0.4629883,-0.8787541,0.9216364,-1.852784,-1.187444,-0.3329584,-1.397962,0.5704144,-1.258781,-1.460587,0.02058663,-0.1219417,0.3848542
0.4324316,-2.700082,-0.4021207,0.1307651,-3.216379,-0.5533852,1.809714,-0.6416939,-0.3400988,0.03372487,2.029713,-0.3974969,2.00867,0.1144887,-1.212005,-1.767848,0.001498876,0.1354046,0.4399309,-0.9555514,0.6967905,1.813015,-0.8999254,1.804544,1.069973,1.785507,-1.133825,0.4221255,-3.280751,-2.582299,0.1917767,0.01547957,1.058172,-1.230659,-2.459239,1.319299,-0.3952673,-0.3694707,-0.671973,-0.2497442,0.8824444,-2.079442,0.2302383,0.2263384,-0.5787476,-1.80667,0.6240114,-1.203306,2.109413,0.8704562,-0.156303,-0.08555789,-1.615456,0.7710337,-0.6361999,-0.8117055,0.6621208,-0.04217708,-2.197325,-2.034086,-0.08088473,0.1686451,-2.462754,-0.7667937,-0.463942,-2.087474,0.8067437,-3.162968,-0.6073365,0.01410012,0.414623,-0.3998807
0.8929402,0.02683665,-0.06262036,-2.216407,-0.9771029,0.8870267,1.265595,0.7777181,0.4787156,1.097812,1.411011,0.25278,1.395948,1.22806,0.3269268,0.4329506,0.2030225,0.6022921,-0.8720346,0.6199311,0.4988947,1.533528,-0.02654934,1.164494,1.281045,1.439764,0.1987689,0.8894538,-0.972861,-2.291645,-2.403511,0.6096569,-0.4321685,0.2384656,-1.082936,1.106481,-1.23684,-1.382302,-0.7402388,0.08378953,0.5484682,-0.4480073,-1.611941,0.4489077,-0.3069329,-1.320132,0.3645042,-0.0692429,1.508224,-0.05826491,0.2184124,-1.240983,-2.383795,-0.1997933,-0.3488485,-0.3478568,0.06485097,-0.7484485,-1.372391,-1.925519,-0.3875761,0.4238288,-1.123007,0.4782818,-1.297185,-0.5257701,1.330359,-1.549755,-0.2639655,0.2568878,-1.613446,0.4047315
0.1084059,0.3235317,-1.338266,-2.613195,-0.5266163,0.6773734,1.461054,-0.2358489,0.308587,0.4323667,1.579102,0.4940253,1.752516,-0.1958932,0.8404459,-0.5725237,0.2863812,0.9884998,-1.072652,0.5689436,0.7677443,1.824146,-0.507664,0.6564313,1.579576,1.545561,0.1706706,0.7899108,-2.140466,-1.328403,1.456077,0.136801,-0.3612569,-0.744651,-1.557795,1.927281,-1.058719,-0.9867132,-0.5573933,0.5188533,-0.1916449,-1.639382,1.122687,0.2706376,-1.00403,-0.02963481,0.1963066,0.6660843,1.978004,-0.2653989,0.2799775,1.855407,-1.96326,-0.1664088,-0.415667,-1.020818,0.602073,-1.303425,-1.67451,0.4833516,-0.1624013,0.3704595,-1.516859,-0.5301784,0.05467756,-0.7459152,1.169537,-0.451928,0.3776827,1.026006,0.6101459,-0.5286502
0.7331368,-0.09025299,-0.5436932,-2.698595,-0.3774609,0.6252965,1.394287,0.2395679,0.3543823,0.7858175,1.455051,0.2508365,1.555488,0.9059575,0.7967411,-1.483687,0.1578581,0.9791528,-0.8250799,0.3712187,1.466929,1.544451,-0.04071783,1.101608,1.417841,1.47059,0.6767129,0.6254035,-1.587187,-0.5271244,1.044825,0.0798273,-0.1018113,-0.2546342,-1.142564,1.622631,-1.449447,-0.4706438,-0.3582476,-0.03417745,-1.046115,-1.102319,0.6687008,0.5753766,-0.3781905,-0.1824816,-0.0849045,-0.3290598,1.609358,0.15212,0.4121097,1.376446,-1.968974,-0.5841134,-1.066532,-0.756087,0.646789,-1.415517,-1.820159,0.1590529,-0.8400244,0.691646,-1.717023,-0.5284806,-0.4732088,-0.7931885,1.134751,-1.903809,0.3243274,0.991324,-1.565421,-0.8099057
0.2394105,-0.7642136,-0.06785067,-2.688248,-0.9339457,1.182616,1.570884,0.4229775,0.4545092,0.4703786,1.823274,-0.3651392,1.593999,1.204802,0.855266,-0.1882591,-0.6009327,0.316561,-0.5180181,-0.04877016,0.8230784,1.848187,0.09321708,1.35191,1.186501,1.566426,1.278041,-0.5594908,0.5217656,-1.232715,1.105389,-0.1645209,-0.6243677,0.07788654,-0.5351183,1.958319,-0.7448616,-1.317888,-0.5987465,-0.5554744,-0.8729918,-0.409172,-0.6182253,0.7301057,-0.9370038,0.5637216,-0.2789206,-0.4136989,1.871525,1.328241,-0.2034635,0.4146891,-2.395797,-0.07246317,-1.355571,-1.174738,1.283929,-0.6185964,-2.055725,-0.02142795,0.0593061,-0.3815533,-1.996572,-0.0663535,-1.992164,-1.226559,1.595582,-1.857899,-0.3412235,0.1935911,0.3411043,-0.4491036
1.242309,0.2511477,-1.092133,-2.415754,-1.133514,0.8693249,1.413691,0.6869782,-0.09014355,1.04767,1.427868,0.1491956,1.741956,1.086978,0.5507192,0.09794307,0.1687296,0.9389911,-1.416754,0.6922468,0.3001787,1.982586,-0.9367486,1.153511,0.9062,1.920182,0.5445312,0.489132,-0.9202988,-1.218748,1.095307,0.433923,-0.3844867,-0.00040008,-1.469241,2.078541,-0.9821635,-0.9715392,-0.7612119,-0.05858296,0.1401097,-0.5020311,0.927824,0.8908909,-0.1264707,-1.250017,-0.346159,0.300697,2.098202,1.208035,0.735488,1.428923,-1.671313,-0.3158072,-1.65653,-0.3019162,0.5254975,-0.1952852,-2.131999,-1.21436,-0.8027389,-0.001300846,-1.923464,-0.8312605,0.5149172,-0.6191535,1.344508,0.0280042,0.4451985,0.5558372,0.6764079,0.5278597
0.6202539,-0.6462636,-0.3844867,-1.199649,-0.9135445,1.25937,1.985543,-0.1026974,0.6527418,-0.1684187,1.362437,-0.3586769,1.744231,0.5588155,0.1103779,-0.9205498,-0.7599282,0.6417486,-0.952177,-0.6198967,-0.03180031,1.905847,-1.010052,1.538393,0.9798663,1.624346,-0.331425,0.3981048,-0.77349,-0.9945226,1.880792,0.6609855,-0.1154109,-0.3720787,-0.7545971,2.401244,-0.4882491,-0.5158382,0.02936461,-0.6234346,0.2401187,-1.284099,1.455144,-0.1344461,-0.3720787,-0.713554,-0.2868824,-0.616001,2.288831,0.794575,0.4203537,1.112647,-0.8758688,0.3269268,-0.2453892,-0.795623,-0.5013705,-0.9145423,-1.28446,0.5224775,-0.4531858,0.7566852,-1.181233,-0.4874347,0.2506031,-0.9584157,-0.02767957,-0.69555,-0.3081569,0.2175278,1.713906,0.2012251
1.131821,-0.9390477,-0.932166,-1.236152,-2.195526,1.739922,1.701087,0.4304829,-0.2704972,0.2489672,1.513191,-0.3701945,2.037512,0.760432,0.3106415,-0.3894933,-0.8423435,0.2610557,-0.8989421,0.2770255,-0.002603386,2.114652,-0.438505,1.399482,1.256613,1.995054,0.2667393,0.09020627,-1.510045,-1.883217,-0.5207076,-0.1427163,-1.472724,-0.283159,0.002796087,2.438339,-0.360683,-0.5698682,0.006776984,0.09984533,1.227562,-2.45807,0.01350835,0.586953,0.9635178,-0.8881893,0.2220229,0.8339086,2.489181,0.3979033,0.2277728,-0.1228458,-1.489435,0.4446217,0.6549779,-0.3736758,0.6719746,-0.05308437,-2.246205,-0.4730483,-1.098112,0.7608058,-1.157726,0.5947071,0.9934,-0.7507763,0.8162936,-0.6062358,-0.8255364,-0.8622761,1.142565,0.6915459
0.7066555,-0.5974734,-0.9975008,-1.014179,-0.4889011,1.760252,1.950044,-0.4405225,-0.6335584,0.825096,2.513219,0.1699959,-0.2970592,0.6676242,-0.03211005,0.4561582,-1.161552,0.2028592,-0.9347093,-0.01460615,0.8113301,2.560833,-0.4433228,0.921318,0.09866817,2.217136,-0.02234786,-0.07915144,-0.3522561,-1.80363,1.237243,-2.459239,-0.1438704,-1.043272,-0.7391911,-0.244878,-1.312301,-1.447744,0.06803241,-0.531879,0.5240182,-2.046394,-1.245489,-0.1784092,-0.474976,-1.001849,-0.02132579,-0.349132,2.943639,1.375789,-1.107451,2.32177,-1.13538,0.5797545,-1.037047,-0.639796,0.3453612,-0.850503,-1.545056,-0.3389754,-1.789761,0.8162936,-1.360627,-0.4511426,-0.6115672,-1.142878,1.617446,-1.049536,-2.072267,-1.010052,1.730717,0.5496232
0.8025844,0.6547701,-1.223156,-1.736136,-0.953214,1.686362,1.965685,0.2198582,0.2709427,0.5714879,1.882925,0.1438406,1.729263,1.240488,0.4891933,0.5888972,0.3214311,0.422781,-1.476219,-0.05371728,0.5675273,2.428751,-0.5247555,1.587111,0.9375041,1.969961,0.4715025,0.7528773,-1.848965,-1.594057,0.629728,0.1440138,0.3789158,-1.206643,-0.7279457,2.393339,-0.5933018,-1.704848,-0.7857012,-0.492822,0.5689436,-1.580365,1.21755,0.501684,-0.09993084,-0.7689489,-0.2621443,-0.3417863,2.367577,0.8408342,0.5371949,1.011492,-0.5093267,0.5068778,-0.7550226,-0.7196965,0.1890489,-0.3939319,-1.354796,-1.23512,-1.205975,0.9040562,-0.8675006,-0.1461825,-0.6857744,-1.126395,0.979303,-0.3821393,-0.03936472,0.2216224,-0.08425155,1.523161
0.2442003,-0.2523149,-1.508688,-1.943513,-1.79036,-0.7457044,2.250397,0.5745325,0.1698272,0.2569651,2.20441,-0.09080036,2.089157,1.006826,-0.2840885,-0.01420035,0.1328687,-0.6508543,-1.397153,0.01449445,0.02683665,1.152279,-0.5271244,0.3107148,-1.635782,2.124988,-0.6335584,0.1579435,-1.659679,-1.897787,-0.5767874,-0.2099806,1.064952,-1.04384,0.2047352,1.680884,-0.5859084,-2.007679,-0.9670578,-0.01877516,0.931337,0.1019246,0.2097746,0.1824882,0.6858708,-2.542112,-1.067986,0.3545928,2.051839,-0.1327317,1.045106,-0.6147058,-0.2451336,0.3599795,-0.7695964,-0.445194,-1.245489,1.054451,-2.153303,1.310951,-0.2838229,0.3353287,-2.31567,0.3346849,1.201199,-0.7389817,1.028833,-0.596202,-0.005012542,-0.5161732,0.6919465,1.074661
0.7079373,-0.347149,0.0429637,-2.286712,-1.538514,-1.118101,2.864085,0.8072791,0.5519868,0.2907274,2.323563,-1.387495,2.383335,1.120765,-0.8751488,-0.5992926,-0.578926,0.3935275,-2.058855,0.6664438,0.3957514,2.484165,-1.00403,-0.6733446,-0.1701954,2.202223,-0.278392,-0.954512,-1.779633,-1.745831,0.3068227,-0.4903696,1.630455,-0.340661,-1.596028,2.950269,-0.722782,-1.953338,-1.549755,-1.057566,1.597183,-0.4621942,-1.632707,-0.1556017,-0.7076519,0.4473745,-0.6204545,-0.7129418,3.486154,0.339539,0.3098349,-0.5864476,-1.114742,0.6058994,-1.122086,-0.7881174,-1.802416,-1.371997,-2.19015,2.360439,-1.388296,0.9371124,-0.6258624,-0.9639066,-1.385894,-2.161954,1.95229,-1.50914,-1.035074,-0.3339355,-0.2044445,-0.3657157
0.2240232,-1.495217,0.3864182,-2.297598,-0.8319496,1.045809,1.257921,0.3469882,-0.6392273,0.6413274,1.395105,0.1061602,1.416848,0.01656209,0.4699411,-0.3255916,0.3167068,0.9137676,-0.808558,-0.01959065,0.1784809,1.447037,-0.2443672,1.260419,1.427772,1.427244,-0.592759,-2.161954,-2.21549,-1.830708,-1.587187,-0.375421,-1.757938,-2.709051,-1.097213,1.350356,-1.966113,0.9701348,-1.439695,-0.4777133,1.283542,1.002065,-1.253513,0.549854,-2.20274,-1.236496,0.8417827,-1.958286,1.544686,1.32596,-0.08012604,-2.04562,-2.99174,-0.3859566,0.5588155,-0.4158185,-2.345493,-1.638867,-0.4381949,-0.7967315,1.386819,-0.09409092,-1.705398,-0.4596573,-2.935578,-1.170216,-0.5773216,-2.667868,0.8021361,-1.975442,-2.194628,0.2875821
0.216884,-2.058072,1.061257,-2.121097,-0.7213409,0.3359721,1.081229,-0.1634605,0.8288574,0.3865541,1.300192,-0.1718565,1.466652,0.04468652,0.5517564,-0.03438443,0.4054651,0.8682763,-0.924827,0.4793969,0.6262058,1.463093,-0.8451335,1.327075,1.45241,1.311382,-0.7219583,-2.200931,-1.812166,-1.603953,-1.937942,1.256983,-2.000261,-1.910543,-0.9033745,1.046933,-1.360237,-0.7231941,-1.00076,0.4488438,1.498193,0.3848542,-0.5992926,0.7126066,-0.2046899,-1.015559,0.8161167,-2.010662,1.315308,-1.399582,0.1986869,-1.250366,-1.623537,-0.644357,0.2805064,-0.7806678,-2.052605,-1.830085,-0.8234837,-1.726534,1.125157,0.616698,-1.812166,0.4659329,-2.344449,-1.008954,-1.572624,-1.996572,0.1655992,-1.679324,-0.3742572,1.231744
-0.2429637,-1.949818,0.1507449,-1.918003,-1.211669,0.9384827,1.741413,-0.8105803,0.5404038,-0.08359902,1.976966,0.02244619,2.092827,-0.1490802,-0.1188962,-0.4612421,0.008662373,0.8833542,-1.171506,0.2276932,0.004290781,1.529572,-0.922812,1.963273,2.073537,1.788989,-1.246532,0.03469124,-1.826972,-1.351313,-1.237874,0.1208893,-1.255617,-1.94561,-0.4187023,2.185332,-0.9904756,-0.5642264,-1.597015,0.07139,0.6842073,1.125092,-0.7094798,0.7138807,-0.9055981,-0.6749144,1.028011,0.1835708,2.093936,0.4091251,0.4837216,-1.18417,-1.914605,-0.2643562,0.04162167,-1.123007,-1.629131,0.05638033,-0.7044104,-1.413871,1.336579,0.2520808,-1.728221,0.2975086,-2.391416,-0.8686918,-1.551169,-1.931022,-0.3434767,-1.453717,-1.266558,0.8954347
-0.4193105,-2.552329,0.3343271,-0.08741146,-2.359155,-0.1594648,1.581244,-0.5257701,-0.5739429,0.01400152,1.340172,-0.1090339,1.390784,0.2878071,-0.606786,-0.4817524,0.6510223,0.5905606,0.9938812,-0.4688843,0.210909,1.525752,-0.008838949,1.332234,1.21078,1.53424,-0.2357223,-1.606941,-1.71758,-1.15233,-1.92278,0.7999367,-1.973281,-2.721135,-1.712579,-0.9602426,-1.26019,1.12171,-0.7254638,-0.2156715,0.4578678,0.1819882,-0.8442027,0.5520443,-2.136224,-1.606941,0.7232883,-0.4334017,-1.398367,0.8998768,-0.009848336,-1.931022,-1.497002,-0.3780445,0.7198865,-1.293533,-2.015153,-1.827594,1.058519,-1.769607,1.227943,0.3641569,-2.031795,0.06915286,-3.442019,-1.446044,0.5313927,-2.273998,0.1683071,-1.595535,-2.73645,-0.1664088
-0.5261085,-2.068304,-1.134136,0.2332523,-1.979053,0.1577727,1.516862,-0.5723465,-0.2775997,0.06100102,1.437439,0.0185273,1.471325,0.5044654,-0.9127968,-0.3191039,0.3954821,-0.67629,0.287957,-1.913249,0.08590243,1.239851,-0.518186,1.245307,1.20153,1.469118,-0.7072461,-2.335108,-2.092324,-1.889813,-1.959705,0.8973525,-1.619488,-2.430418,-1.672378,-1.729348,-1.289168,0.7765688,-1.404458,-1.112914,-0.5200346,-0.1059162,-0.008939842,0.6511266,-2.130314,-1.139747,0.4388999,-2.411285,-1.543182,1.495418,-0.5497397,-1.853422,-1.373181,1.455097,-0.5033536,-0.4240365,-2.842153,-1.058719,0.0619414,-1.6847,1.254761,-0.0983849,-1.877317,-0.7419173,-2.933697,-2.153303,-1.29244,-2.217325,0.1195592,-0.9142927,-2.156755,0.2920724
-0.3273936,-2.504701,-0.4480073,0.4814998,-2.130314,0.2654365,1.690114,-0.4552333,0.0453557,0.350516,1.62109,-0.3803823,1.669027,-0.1206998,-0.809681,-0.8864892,-0.05213575,0.6632548,0.8329091,0.06887286,0.75396,1.601023,-0.5363144,1.775664,1.402315,1.661935,-0.8237116,-1.915284,-2.545931,-2.640859,-2.639457,0.7067049,-1.722607,-3.733877,-1.668127,-3.310443,-1.100514,0.744173,0.1365394,-0.5101592,-0.6579731,0.2428677,-0.07526248,0.4229775,-1.890475,-2.43726,0.8453102,-3.211404,-2.782235,0.8587464,-0.4633061,-2.069095,-1.285183,-0.6099096,0.3448655,-0.9942523,-3.564893,-1.248273,-0.2355958,-3.074775,0.824877,0.3692851,-2.36446,-0.2167888,-4.635629,-2.032558,-0.565986,-2.62279,0.07816402,-1.831332,-2.695628,0.2658198
0.2965427,-2.065144,1.160742,0.4363176,-2.278869,-0.3945252,1.417454,-0.3379934,0.9948061,0.5952587,1.541887,-0.4455062,1.495418,0.8601013,-0.448477,-0.3887555,0.04955178,0.7356318,0.5779608,0.4912758,0.9328725,1.492859,-0.7137581,1.597203,1.535447,1.434346,-0.3518296,-2.04099,-2.318714,-1.702102,-2.097198,0.8660075,-2.521986,-2.854233,-1.013628,-0.4812668,-1.981952,-0.644357,0.1908683,0.1210665,1.361925,0.3490358,0.4222567,0.4571083,-0.8818893,-2.108664,0.5789141,-2.633871,0.585005,-2.073062,0.5777363,-1.291348,-1.715354,-0.2916901,0.04008572,-0.7092766,-2.47813,-1.096914,-0.302322,-1.763755,0.6265799,1.026364,-2.728763,0.2538667,-3.272804,-1.770781,-0.8896488,-1.563509,-0.000300045,-1.805453,-0.33254,1.370165
-0.5878867,-1.637837,-0.3465832,0.4916428,-1.698816,0.5237813,1.855188,-0.3629805,-0.2915562,0.1654297,1.922378,0.0453557,1.757375,0.5244326,-0.3001596,-0.771974,0.3215761,1.147847,0.3545928,0.4552706,-0.4456623,1.809992,-1.471417,1.838961,1.736846,1.804709,-0.9063404,-2.534517,-1.360237,-2.582299,-1.84074,0.39265,-0.8945292,-3.042824,-1.657054,0.4262476,-1.268334,0.7695988,-1.056128,-1.184824,0.1737012,0.09157594,-0.05213575,0.8027636,-2.50838,-1.342086,0.5699621,-1.502828,1.653991,1.495238,-1.142251,-1.858541,-2.796881,0.3672093,0.4068641,-0.993982,-2.4986,-0.9784321,0.1244276,-1.394327,1.055879,-0.2844872,-2.358098,-0.6863702,-4.615221,-1.899122,-0.2134408,-2.350725,0.3743872,-1.317142,-2.673649,0.1047203
-0.061131,-2.056507,0.6195006,0.3079258,-1.881903,0.291699,1.559806,-0.4576009,0.5915573,0.5352645,1.714446,-0.02296161,1.772594,0.3533996,-0.7168253,-0.5644022,0.2268965,0.4978012,0.1329562,0.2597455,0.4131025,1.431339,-0.6899523,1.646618,1.692123,1.560038,-1.821394,-1.309704,-2.052605,-1.613446,-1.852784,1.098546,-2.183026,-2.69711,-1.284099,-1.629641,-1.07881,0.7465932,-0.2851519,-0.4106787,0.2811105,-0.5940261,0.2049796,0.2409049,-2.504701,-2.191939,1.237069,-1.771957,-1.00076,1.272902,0.2781619,-1.718695,-0.7892176,0.3668629,0.3831513,-0.7236064,-2.047168,-0.9792305,-1.021651,-2.183914,1.362079,-0.07450805,-2.148149,-0.6541188,-2.7774,-1.933784,-1.064791,-2.271086,-0.505175,-1.669188,-2.027229,0.6755431
0.2040015,-2.043302,0.2456875,0.1144887,-2.139616,0.5525049,1.408961,0.1365394,1.255815,0.2755842,1.427916,-0.04489277,1.462584,0.3845819,-0.4791655,-0.2222689,0.8505782,1.192103,-0.01055551,-0.3321217,-0.03915672,1.292753,-1.153914,1.317319,1.404036,1.276089,-1.339793,-2.000261,-2.695628,-1.422129,-0.6804284,0.3559247,-0.6925474,-2.400198,-1.239945,0.488764,-1.257725,0.5349132,-1.041571,-0.2886158,-0.3963072,0.2268168,-0.08392523,0.08883471,-3.03864,-3.072613,1.209498,-3.496608,1.07606,0.2256205,-1.033949,-1.805453,-1.704848,0.5503732,-0.2782599,-0.6991653,-1.972562,-1.227241,-0.347149,-2.302585,1.103202,0.3524862,-2.556188,-0.756513,-3.798694,-1.355959,-1.280854,-2.409057,0.07945792,-1.099613,-2.521986,0.1601612
0.2424755,-2.859455,0.2603623,0.3612345,-2.69711,0.4368992,1.933418,-0.4007761,1.050787,0.1176941,1.772475,0.3377571,1.83517,0.2831468,-0.5155032,-0.2684025,0.4756129,1.297682,0.4427609,-0.09409092,0.641538,1.714482,-1.131032,1.657828,1.679076,1.585104,-0.5983826,-1.971125,-2.229335,-3.313187,-2.24055,1.076912,-1.318262,-2.835316,-0.641314,-1.104429,-1.026943,0.3724597,-0.01227503,-0.4055651,0.383424,0.2302383,0.1054405,0.3261333,-2.727233,-2.700082,0.8823202,-1.538048,-0.03946874,1.435775,-0.08599371,-2.024953,-0.5071657,0.3631142,0.1547791,-1.018877,-3.579129,-1.507784,-1.680397,-3.676951,0.857941,0.09066303,-3.299544,-0.7104968,-3.79424,-1.714798,-1.550226,-3.402198,-0.7052198,-2.204551,-3.575551,1.186928
0.5337997,-1.529241,0.436059,0.5837786,-1.648179,-0.01298393,1.736106,0.1288329,0.3491769,0.7904554,1.671699,-0.4481639,1.540366,0.4754886,-0.5320493,-0.7605699,0.2129316,0.2220229,0.4043311,-0.3433357,-0.6089899,1.753885,-1.464905,1.636391,1.080075,1.639987,-1.468807,-1.343618,-1.621005,-2.328929,-1.952633,1.045493,-0.1510555,-2.985782,-1.866914,-4.000854,-0.7348029,1.36387,-1.050966,-0.2643562,1.091319,0.293341,0.1791499,0.5292155,-1.406905,-2.432694,0.824614,-3.33541,-3.557851,1.51572,0.04094999,-1.547403,-1.357124,-0.4140014,-0.1766179,-0.8945292,-0.9160408,-0.760142,-1.258781,-2.682382,1.782567,-0.2567003,-2.931819,-0.09376138,-0.9296293,-2.336142,-0.9390477,-2.229335,0.563437,-1.137249,-2.213659,-0.6405547
-1.940027,-2.877061,0.07129688,-2.121932,-0.9326742,0.84998,1.203993,0.09048035,0.8189425,0.6291952,1.540431,0.321141,1.580318,-0.2545052,-0.006319929,-1.231001,-0.5481814,1.333078,-0.4741723,0.6794539,0.3389691,1.625233,-0.5358016,1.554876,1.586313,1.662543,0.05826891,-2.126114,-2.476938,-0.2241441,-2.04176,-1.816462,-2.209095,-2.077843,-1.951928,-2.124439,-1.33067,-2.185691,-1.096614,-1.958286,-1.831332,-1.610939,0.9577014,-0.2643562,-2.51084,-1.435905,0.3038015,-2.643668,-2.141317,-1.629131,-0.8178038,-1.459726,-2.571773,-2.126953,-1.771369,0.861581,-2.51084,-1.735568,-2.402405,-2.929945,-2.291645,-1.515948,-1.368454,-2.389233,-2.69711,1.496784,1.413982,0.3438734,-2.613195,-2.524479,-1.943513,-1.187116
-1.051824,-2.887775,0.6408534,-2.085057,-1.087079,0.695644,1.50964,0.7975072,0.3704595,1.027939,1.650849,0.1576019,1.675937,0.1669541,0.3550837,-0.6367668,-0.2211455,1.173565,-0.4409887,0.3067491,0.7626266,1.922656,-0.6128583,1.881295,1.306953,1.507582,-0.04719643,-2.254748,-2.149006,-0.1497769,-1.571661,-1.205975,-1.944212,-1.649739,-1.88256,-1.871452,-1.354796,-2.161086,-1.085005,-1.283016,-1.409358,-1.664422,1.535813,-0.5707526,-2.521986,-1.486778,-0.4967584,-2.251892,-1.677717,-1.003757,-0.9942523,-1.089157,-2.902242,-2.586275,-1.974721,0.7171566,-0.5428324,-1.918684,-1.874706,-2.214574,-1.520054,-1.066242,-0.7832907,-2.46746,-1.549755,0.3292318,0.1139535,0.8247455,-2.403511,-2.131999,-1.529241,-1.089454
-0.9686372,-2.748872,0.3336826,-1.144133,-0.7721904,0.7488184,1.209677,0.4921931,0.501684,1.122492,1.398791,0.132168,1.454677,0.6509701,0.6554453,-0.3472905,-0.2686641,1.317534,-0.3872814,1.092963,0.2235435,1.466929,-0.9038682,1.28476,1.331865,1.414785,0.2421616,-2.647896,-1.544118,-0.05361177,-1.905824,-2.329956,-2.296603,-1.549755,-1.854699,-2.224699,-1.074993,-2.210006,-1.395941,-1.199317,-2.290657,-2.069095,1.330676,-0.102365,-2.419119,-1.412638,0.2436518,-2.234926,-1.789761,-1.185151,-0.3862509,-1.316768,-2.787093,-2.811745,-1.399177,0.7378337,0.3073376,-1.508236,-2.20274,-2.537042,-1.344385,-1.852147,-0.01969263,-2.731831,-2.440698,1.171057,1.101707,0.8445799,-2.787093,-1.673976,-1.771957,-1.528319
-2.683846,-2.117767,-0.5232356,-2.174192,-0.4489469,0.5430217,1.338731,0.1942501,0.599276,0.6373702,1.527772,0.287357,1.661461,0.0435383,0.9533553,-0.4381949,-0.4394356,1.069938,-0.5732331,0.831212,-0.5279718,1.664532,-1.111394,1.462769,1.378111,1.458871,-0.5402544,-1.817077,-2.284745,0.2314291,-1.831957,-1.158362,-2.268184,-1.789163,-2.098828,-1.751001,-0.9899373,-1.924149,-0.847698,-1.515037,-2.011409,-0.435409,1.512288,-0.1431778,-2.187472,-1.2269,0.4120434,-2.028748,-1.023319,-1.403644,-0.1537341,-1.427116,-2.569158,-1.832581,-1.467938,-0.382579,-1.770194,-1.651824,-1.175709,-1.715354,-1.629641,-0.4992265,0.7420326,-2.545931,-2.680922,1.199392,1.142693,0.1861476,-2.282782,-1.836339,-2.158485,-1.40854
-1.207646,-2.47813,0.09430968,0.2734564,-1.113218,-0.2836901,1.105985,0.8012838,0.3815822,0.7148108,1.480194,-0.5461074,1.416023,0.6475743,-0.5033536,-0.9673209,-0.2212703,0.3503751,-0.02490764,-0.1518699,-0.1786483,1.678628,-0.9377698,1.227123,1.428659,1.440664,-0.2707594,-2.939352,-2.032558,-0.2352161,-1.746977,-1.931022,-1.922096,-2.047168,-1.565421,-2.248097,-1.154231,-1.807889,-0.6358221,-2.336142,-2.175952,-2.175952,1.739097,-0.7813229,-1.776674,-1.634756,0.1398489,-2.61456,-2.346537,-0.7518362,-0.951141,-1.878625,-1.71758,-1.062763,-0.9547717,1.21072,-1.347843,-0.6597124,-1.426283,-1.964685,-1.925519,-0.2185292,0.4554609,-1.333702,-1.926892,0.1143103,0.7852705,1.321169,-2.224699,-1.222476,-2.22285,-1.24897
-1.684161,-2.053384,0.5638354,0.3144457,-2.052605,-0.6301724,1.570967,0.1373242,1.036985,0.9736536,1.509463,-0.2471801,1.648255,0.4126393,-0.6290463,-0.7160065,-0.10425,0.4744935,0.6859715,0.21793,-0.1742343,1.447977,-0.8180304,1.367061,0.9498802,1.472541,0.9598865,-2.30559,-2.04176,-0.05045154,-1.530627,-1.810331,-1.876664,-2.339249,-1.968258,-3.182062,-1.04868,-2.221005,-1.104731,-2.189256,-0.7155973,-1.822631,1.704494,0.06887286,-2.438405,-1.667597,0.3241827,-2.324831,-1.992897,-1.89712,0.08691137,-2.028748,-1.61445,-1.313044,-1.837594,0.6756449,-2.828524,-1.753308,-1.283377,-1.457146,-0.3046248,-0.7302262,0.2315085,-1.289894,-2.893176,0.06212937,0.6119371,0.8088391,-2.029509,-0.8262215,-2.647896,-1.581336
-2.258568,-2.308603,-1.443076,0.2330939,-1.779633,-0.03066541,1.532665,-0.4084195,0.7951621,0.3762422,1.762142,-0.1963799,1.538651,0.2311911,-0.7552354,-0.9446902,-0.4208326,1.007958,0.7124595,0.06062462,0.02975296,1.84803,-1.276185,1.62716,1.39622,1.609018,-0.683593,-2.795243,-1.443923,0.2689579,-1.404866,-2.584948,-1.613446,-2.020418,-1.835711,-2.24526,-0.7569393,-2.091514,-1.312672,-2.416874,-3.055482,-2.407946,1.718149,0.5722781,-2.200931,-1.422543,0.1544364,-1.278337,-1.895788,-1.998046,-0.735846,-1.712579,-1.414282,-1.325387,-2.157619,-0.3051674,-0.8365558,-1.296088,-0.2502578,-2.029509,-1.352473,-1.774313,0.7325602,-1.842632,-2.960365,0.3701142,0.05154826,0.6124793,-2.290657,-0.8641728,-1.435485,-1.632195
-1.146333,-3.007805,-0.02932583,0.2378351,-2.859455,0.04229291,1.318417,-0.5404261,0.1830713,0.5034384,1.73725,-0.140182,1.823839,-0.655081,-0.5507799,-0.7412876,-0.3908228,0.943322,-0.1751871,-0.5271244,-0.7828531,1.850123,-2.26915,1.470429,1.502409,1.369174,-1.215708,-2.63666,-1.475344,0.3290159,-2.011409,-0.6531575,-1.908518,-2.135377,-1.644029,-2.375156,-0.8554308,-1.829461,-2.053384,-1.501032,-3.223888,-3.125841,1.847257,0.5986167,-2.095571,-1.150432,0.5388882,-2.018158,-1.779633,-1.752154,-0.8287378,-1.931022,-1.087376,-1.325011,-1.942815,-0.2626643,-2.427015,-0.6533497,-0.4100757,-1.806061,-1.857258,-1.381108,0.6829453,-1.447744,-0.3429129,0.6563276,0.3080728,0.28563,-2.473373,-1.49388,-2.166307,-1.968974
