"var1","var2","var3","var4","var6","var7","var8","var9","var10","var11","var12","var13","var15","var16","var17","var18","var19","var20","var22","var23","var107","var119","var123","var129","var174","var187","var236","var246","var248","var255","var338","var368","var422","var433","var509","var545","var554","var566","var589","var603","var607","var695","var729","var742","var756","var783","var819","var842","var1003","var1055","var1319","var1594","var1601","var1645","var1799","var1911","var1924","var1955","var2046","var2050","var2303","Class"
0.7733437,-2.438405,-0.4825622,-2.721135,0.8278092,1.342604,0.05704174,0.1335689,0.5654274,1.499824,0.3935949,1.625921,0.01054421,-0.5454171,0.1865626,1.26472,-1.046399,0.6916961,1.911126,-0.3562465,-2.611831,-0.3814068,-1.422543,-2.763035,-3.327018,-3.426515,0.001199281,1.604747,0.5256157,-1.514582,-0.82189,-1.11109,0.3450071,-2.629701,-1.844528,0.7801502,-1.850236,0.03459464,-0.8889188,-3.013896,-0.8744293,-1.584745,-0.9416085,0.7311171,-1.047254,-2.526979,-2.108664,1.553629,-3.231455,-2.529486,1.536803,-2.520741,0.0875529,0.9097896,-1.89712,-3.172469,-3.139603,-1.06045,-2.051826,-4.635629,-0.463624,"2"
-0.07817778,-2.415754,0.4127717,-2.825146,0.05448819,1.429498,-0.1202486,0.4567917,0.1590529,1.145909,0.3806942,1.556522,0.1587117,-0.2741737,0.3254113,1.647774,-1.299016,1.249787,1.698236,-0.8365558,0.8554786,-1.791559,-1.859824,-2.264326,-2.818423,-2.361274,-2.72418,0.7924947,0.8172657,-1.701005,-1.275827,-0.5651058,0.717791,-2.362335,-1.699363,1.072679,-1.598004,-1.240983,-0.836325,-1.36375,-0.0885034,-1.360237,0.2026143,0.3808308,-0.4555486,-2.234926,-3.272804,1.732505,-2.294617,-2.094758,0.6934471,-1.227241,-0.7918632,0.1290087,-1.979053,-2.869981,-2.152442,-1.113523,-3.007805,-1.356736,0.03478783,"2"
-0.08446916,-1.649739,-0.2413075,-2.875286,-0.02747398,1.1593,0.01567648,0.1919418,0.4965847,1.388741,-0.5306883,1.614903,0.07927318,-0.5373407,0.004390348,1.472311,-0.9043622,0.693697,1.571881,-1.093326,-0.3792127,-2.348629,-2.116106,-2.050271,-3.055482,-2.259526,-2.006191,1.552741,0.2816388,-1.256319,-1.779633,-0.3831656,0.1238976,-2.727233,-1.478848,1.334238,-1.689564,1.014651,-0.5610668,-0.9281103,-0.5679252,-1.485894,0.2547972,-0.2871489,-0.5487006,-1.278337,-2.7678,1.454747,-2.154165,-1.205641,1.310627,-1.213686,0.7540541,0.7381205,-2.066723,-2.882404,-1.200313,-0.8947739,-2.972016,-2.922482,-0.6786527,"2"
0.965614,-2.380547,0.6252965,-1.741256,0.9496868,1.093801,0.8197358,-0.2846201,0.9947322,1.014832,0.08250122,1.0476,-0.1707883,-0.0438474,-0.4254127,0.4528575,-0.680231,0.3938648,1.115732,0.2871319,-0.1529181,-0.1586441,-1.104127,-2.259526,-1.448595,-2.271086,-0.1416788,1.135844,0.2505252,-1.657578,-0.771974,-0.6969544,0.191529,-2.626931,-1.197991,0.9006084,-1.704848,0.04707441,-0.3069329,0.07612736,0.1671233,-0.8601467,-0.5758976,-0.8278221,-0.1110433,-1.601966,-0.9197969,1.037233,-2.219163,-2.26915,0.2857803,-0.7802313,-0.3601094,1.008031,-0.9832321,-2.150723,-1.986316,-0.6309238,-0.03957278,-2.425883,0.1633086,"2"
0.0756639,-1.728785,0.8526265,0.2726953,0.3279359,1.251219,0.7714499,0.0309171,0.2783133,1.112219,-0.3936354,1.186776,-0.3865452,0.086728,0.1375857,1.147402,1.203483,0.6311654,1.222392,-1.602462,0.4368346,-1.206309,-0.674718,-1.590616,-2.248097,-2.000261,0.3985076,1.259143,0.0475513,-2.291645,-0.7752253,0.2363361,-0.1098149,-1.961836,-1.974001,1.190553,-1.187444,-0.4495737,-0.8763491,-1.219763,0.4918874,-1.438852,-1.08205,-0.1772146,0.1710078,-0.5684547,-0.4663304,0.7275969,-1.539912,-0.9902064,0.4090586,-2.276917,-1.800598,0.613671,-1.434225,-1.820159,-1.9951,-0.8952634,-2.142168,-2.891372,0.3688011,"2"
0.4588163,-2.875286,0.1358412,0.4053984,0.1378471,1.73353,0.3964244,0.04583342,0.3520643,1.694514,-0.3776068,1.825613,-0.3969019,-0.7476034,0.03652477,0.3312443,0.3256279,-0.9929018,1.777999,-1.611941,1.687565,-1.634243,-2.049494,-1.806061,-1.872753,-2.877061,0.9450337,1.799992,-0.3159444,-1.348613,-1.225196,-0.859438,0.09712671,-2.339249,-2.438405,1.909409,-1.777265,1.591763,-0.560191,-2.281803,0.06952606,-1.690648,-1.921413,-0.1532677,0.1299751,-1.892464,-0.9051035,0.294608,-1.576487,-2.174192,0.6737605,-1.740686,-1.272252,0.2969886,-1.984859,-1.889813,-2.118598,-0.7808861,-2.018158,-2.065144,0.3900807,"2"
0.06709774,-1.624044,0.5196268,0.2382292,0.138805,1.825291,-0.3054388,-0.05287349,-1.242367,1.830852,-1.347074,1.268243,-0.2240189,-0.1468772,0.5721653,0.6969898,0.646108,-1.422129,1.786747,-3.172469,-0.2368622,-0.2497442,-1.101115,-2.036382,-2.117767,-3.068303,-0.6707988,1.705112,-0.2646168,-2.130314,-2.116106,0.2338065,-0.05625294,-1.680397,-2.015153,2.00279,-1.993631,0.469566,-1.010876,-2.02647,0.9991234,-1.312301,-0.6641711,0.4154814,0.4512667,-1.592581,-0.4111311,0.8826926,-1.835085,-0.2060406,-0.8753887,-3.072613,-2.249044,-1.152646,-2.739541,-1.850873,-2.613195,-0.6706032,-2.722656,-2.977892,0.3806942,"2"
0.09412766,-1.795165,0.7027509,0.2060381,0.2881819,1.406072,0.7603384,-0.03905273,0.1361031,1.300028,-0.4194626,1.390834,-0.3762947,0.05401459,0.1655992,1.287082,1.238316,0.5638923,1.463857,-1.652345,0.4045981,-1.302689,-0.7023898,-1.641445,-2.273026,-2.106196,0.3067491,1.490587,-0.03035612,-2.161086,-0.8175773,0.1322556,-0.1262437,-2.046394,-2.051048,1.204413,-1.250017,-0.5421443,-0.9162907,-1.308223,0.4314577,-1.499687,-1.141624,-0.210721,0.2279321,-0.6616485,-0.5118261,0.7069021,-1.607939,-1.033949,0.3449363,-2.387054,-1.817077,0.554632,-1.502379,-1.894457,-2.093135,-0.9311506,-2.234926,-2.922482,0.3455736,"2"
0.1083161,-1.944911,0.6000994,-0.05108279,0.1192042,1.849116,0.2375197,-0.05034637,-0.2527011,1.735965,-1.470546,1.129044,-0.244878,0.2120422,0.2102609,1.15092,1.012001,-1.013904,1.857173,-2.143873,-0.511159,-0.9175415,-1.666008,-2.338212,-2.950759,-2.868219,-1.29975,1.002175,-0.514499,-3.123566,-1.726534,-0.5317088,-0.001801622,-2.882404,-2.250942,1.134044,-1.250366,-0.5436932,-1.505528,-2.565249,0.8753437,-1.86111,-1.253513,-0.08045112,0.1310283,-2.217325,-0.8481649,0.9130856,-2.034851,-0.2568296,-1.987774,-3.750755,-2.346537,0.180069,-2.763035,-2.439551,-3.030324,-0.231806,-1.154865,-3.499913,-0.6337468,"2"
-0.970747,-2.347582,-0.3920061,-0.141218,-0.3035405,1.498551,-0.2064094,0.1447927,-1.572142,1.582128,-0.8739499,1.457126,-0.1612256,0.5727294,0.7776262,1.543213,1.163963,0.1978668,1.601748,-1.665479,0.3180173,-0.3592497,-2.016655,-1.536652,-2.898606,-2.312635,-1.728785,0.7878208,-0.2556667,-1.88783,-1.587676,-0.4944603,0.4541918,-2.99974,-1.658628,1.7154,-1.410177,-1.177006,-1.712579,-1.29244,0.1185827,-1.942117,-1.785579,0.5140803,0.08562709,-0.4402118,-2.304587,0.8567955,-1.633731,-2.787093,-0.451928,-3.839702,-2.501036,0.5009571,-3.114516,-0.8472312,-2.487711,-0.3778986,-2.416874,-3.604538,-0.9308969,"2"
1.163932,-2.686778,0.04497337,-2.085057,1.138057,1.311194,0.6106348,0.2316671,1.064745,1.393022,0.0623173,1.402438,1.027188,-0.730849,0.3703214,1.200386,-0.353537,0.5458066,1.367494,-0.6356333,1.301635,-1.137873,-1.690648,-2.253795,-1.597509,-2.272056,-1.636295,1.086978,0.210909,-1.4503,-2.248097,0.4741824,-0.2088709,-1.773723,-1.639897,1.372018,-1.136626,0.00856323,-0.597837,-1.232029,0.4769792,-2.574394,-1.014179,-1.697723,-0.1390322,-2.453408,-0.3458763,1.282599,-2.429283,-2.30961,0.9812167,-1.504628,-1.809109,1.300873,-1.631172,-2.201835,-0.9454621,-0.7003732,-1.734434,-2.02647,0.3472002,"2"
0.5036197,-2.645075,0.04008572,-2.956512,0.7705248,0.894127,0.1374114,-0.3050317,0.692597,0.9605373,-0.157707,1.553587,0.4123083,-0.1097033,-0.7236064,0.8514748,-1.373971,0.5789141,1.78413,-0.6279214,0.6826422,-1.528319,-1.261249,-2.237734,-2.009169,-1.67451,-0.6456912,0.8735085,-0.2724651,-1.615959,-1.774313,0.03343478,-0.1938275,-1.460587,-0.7520483,1.497903,-1.236496,0.524255,-0.87707,-0.9160408,0.1326935,-2.141317,-1.801204,-0.06999337,-0.5535592,-1.738977,0.4515214,1.199965,-2.251892,-2.284745,1.778438,0.6011415,0.2161592,0.859678,-1.65026,-1.820776,-1.158362,-0.701381,-1.151064,-1.701005,0.0677521,"2"
1.187203,-2.154165,-0.1136167,-2.288682,0.6817323,1.18142,0.3440151,-0.04625338,0.7311652,1.571508,-0.8540204,1.550112,0.650344,0.239804,0.1249572,0.9089841,0.7104958,0.5504309,1.719941,0.1250455,0.491031,1.0936,-1.30453,-1.835085,-1.433805,-0.1631073,-1.387095,-0.2596779,-0.1852458,-1.664951,-1.448595,0.4134994,-0.6077037,-1.293533,0.7812038,0.6981845,-1.339029,0.395886,-0.7876777,-1.65026,0.4698161,-2.192834,-1.574071,-1.31565,0.06541314,-2.164564,-0.04730127,1.269423,-1.708154,-1.7487,1.423831,-1.070608,-0.5202028,1.55886,-1.448595,-1.784387,-0.722576,-0.4992265,-1.089752,-1.779041,-0.3828723,"2"
0.005982072,-1.657578,-0.843505,-2.268184,0.5190319,1.773273,-1.218072,-0.303676,0.5074198,1.591376,0.4615934,2.249205,0.1234558,0.9693006,-0.1737583,-0.007226045,-2.08828,-0.6508543,1.572151,-0.4383499,1.4418,-0.2706283,-1.123007,-0.8458323,-1.536187,-1.118407,-1.322756,0.5122846,-0.4340189,-0.9142927,-1.651824,1.428971,1.060633,-0.5974734,1.321249,1.465591,-0.4780358,-0.9080746,-0.648365,-1.971125,0.4148872,-1.301586,-1.055265,-0.4974159,-0.4480073,-1.659679,-0.02572815,1.844194,-1.063342,-0.05192507,0.9705895,-1.010601,-1.284099,-0.7271177,-1.798784,-1.272252,-1.322381,-1.367669,-0.7153928,-1.65339,0.204083,"2"
0.9968748,-1.440962,-0.996146,-1.518684,0.5766134,1.174832,-0.3902317,-0.1571218,-0.3844867,1.506386,-0.436801,1.29289,0.03681397,-0.9223088,-0.1226197,0.4158114,0.2296821,0.01133551,1.635359,-0.4703237,0.6040974,0.3688703,-1.35286,-1.603456,-1.413049,-1.331049,-0.902881,1.61917,0.4447499,-1.103223,0.3844457,0.693647,-0.1320468,-0.6034893,-0.7164158,1.207795,-1.056991,1.541609,-0.6698214,-0.293566,-0.05308437,-0.3358924,-0.3474321,-1.253864,0.4894998,-1.29244,-0.8991878,0.8010594,-1.515492,-1.592581,-0.01979463,-2.130314,0.40733,0.6615017,-1.084118,-0.5495665,-0.5846516,-0.07806966,-1.619993,-2.244316,0.4233705,"2"
0.7221233,-2.497384,-0.1030299,-2.049494,0.5422661,0.7760627,0.4452626,-0.4183984,0.4079952,1.908104,-0.626985,1.488783,0.1941678,-0.8051967,-0.4869463,0.4242869,-0.05224111,-0.02378053,1.809812,-0.3581045,0.5863412,0.6330256,-1.492544,-1.462744,-1.891138,-1.354021,-1.001849,1.729654,0.1181385,-1.398772,-0.6460728,1.053371,-0.409925,-1.197659,-0.3218595,1.624149,-1.156453,1.671736,-0.499556,-0.6921477,0.2431814,-0.9055981,-0.6341238,-0.9856408,0.09975483,-2.018911,0.4281394,0.6905939,-1.535259,-1.662311,0.8399711,-1.0303,-0.8221176,1.64937,-1.37912,-1.446894,-0.9662691,-0.8257647,-1.843263,-2.197325,1.034003,"2"
0.6142663,-2.092324,-0.001701447,-1.512765,0.5625258,1.226155,0.7853617,0.05240268,0.4743069,2.049098,-0.5390536,1.312702,0.2159981,-0.7211352,0.2682699,1.078444,-0.3453112,0.01911612,2.007516,-1.17409,0.703147,0.5962507,-0.9075788,-0.9308969,-0.9980432,-0.6375233,-1.053543,1.403397,-0.2215199,-1.796973,-1.026664,1.302097,-0.3897886,-1.061895,0.07445791,1.87017,-0.7080578,0.5109056,-0.5661622,-1.04868,-0.05203041,-0.8333292,-0.3167677,-0.7164158,0.4121759,-0.906588,0.01449445,1.429402,-0.9996723,-1.116878,1.839867,-1.127629,-0.7545971,1.699863,-0.9014021,-0.889162,-0.8869747,-0.9994006,-1.006215,-0.5929399,0.2972858,"2"
0.9984236,-1.712025,-0.7003732,-1.382701,1.178932,1.908772,-0.2872822,-0.2878154,0.04363404,1.938166,-1.00076,1.701871,0.256114,-0.5929399,0.06849942,1.005217,-0.7029955,0.1474713,2.030409,-0.03479851,0.7526418,0.6266868,-1.040438,-1.432967,-1.263723,-1.46404,-1.18319,1.547711,-0.503519,-1.033387,-1.020263,1.273406,-0.5493932,-1.201642,-0.954512,1.629946,-0.7459152,1.855954,-0.4576009,-1.329536,0.08746128,-1.432967,-1.541779,-0.6343124,0.02097841,-1.50643,-0.6038551,1.425203,-1.700457,-1.52326,1.331284,-0.5288199,-0.6178542,2.038893,-1.243754,-1.481045,-0.6839892,-1.338266,-1.184497,-1.720369,0.5243734,"2"
0.856753,-2.535779,-0.2725964,-1.677717,1.03741,1.603541,-0.4001791,0.0605305,-0.01005034,1.893609,-0.3076127,1.581306,0.266203,-1.083231,-0.06999337,0.8902342,-0.8521429,-0.3783364,2.03252,-0.3917101,1.340486,0.7943942,-1.901798,-1.959705,-1.707051,-1.547403,-1.818309,2.11031,-0.5457622,-0.9867132,-1.458005,1.010437,-0.657394,-1.909193,-0.5223923,2.083234,-1.00076,1.871541,-1.003211,-0.1174331,-0.04835026,-1.615959,-2.057289,-1.609938,0.4880277,-1.964685,0.3524862,0.5362594,-1.799993,-1.985587,0.997502,-1.615456,-1.869505,2.175763,-1.606442,-1.909193,-1.470546,-1.710364,-1.856618,-1.866914,0.643379,"2"
0.6570536,-1.378326,-0.5542552,-1.998046,0.9530083,2.002925,0.3042442,0.5693398,0.3511497,1.315147,0.05391984,1.067122,0.03198305,-0.6279214,0.2134164,0.2529353,-1.616966,0.07945792,1.937287,-0.6165566,-0.2373693,-0.1749488,-1.540845,-1.495663,-0.9956045,1.561549,-0.923819,1.90163,-1.023598,-1.942117,-0.2851519,-0.008132983,-0.5801757,0.1639879,2.021137,1.674101,-1.096315,0.03710309,-0.5497397,-1.081165,-0.1358197,-1.513219,0.2376774,-1.526476,1.139146,-0.8898923,-0.463783,0.7614131,-1.782602,-1.522343,-1.301953,0.6482544,0.4553975,0.4404461,-0.9829649,-1.662311,0.2796751,-0.7164158,-0.9956045,-1.815847,-0.9829649,"2"
1.285507,-2.248097,-0.5390536,-1.274395,1.111825,1.44206,0.9566262,-0.001601281,0.6941966,2.029056,-0.370629,1.847935,0.2803553,-1.159318,-0.4293993,0.284502,-0.921806,-0.3789206,2.115279,-0.4182464,0.8483544,-0.1449102,-1.859824,-1.729912,-1.962548,-1.000488,-1.381506,0.6409587,-0.5086613,-2.081043,-1.354408,0.583946,-0.9339457,-1.288442,0.05078817,1.299374,-1.307483,1.565277,-0.1657005,-1.639897,0.5208156,-1.417579,-1.613948,-2.000261,0.8250523,-1.614953,-1.653912,0.4746802,-2.051826,-1.80363,1.388367,-2.517017,-1.196997,1.415003,-1.243754,-1.766092,-1.118101,-1.39191,-2.640859,-2.324831,0.7421754,"2"
0.7659329,-2.337177,-0.6947485,-1.508688,1.110244,1.865227,-0.1972322,0.07936556,-0.1281743,1.902152,-0.9416085,2.209504,0.2323015,-0.4895535,0.059683,0.5289798,-1.188099,-0.1421398,1.822418,-1.345536,1.184576,1.14298,-1.638867,-2.138767,-1.712025,-0.9152912,-0.6564296,1.580009,-0.1558354,-1.92278,-1.405681,1.38934,-0.5459348,-2.210918,-0.4298603,1.798553,-1.209991,-0.1700768,-0.8599104,-1.782602,-0.03728658,-0.9607652,-1.138185,-0.9085706,0.1499705,-1.577455,0.2359413,0.8518162,-1.833832,-1.920047,0.8833956,-0.7104968,-0.6356333,1.430742,-1.83948,-1.775492,-1.304162,-1.6847,-2.177716,-2.271086,0.5868418,"2"
0.8382427,-1.833207,-0.5471439,-0.6808234,2.452728,2.374962,0.2571971,-0.5033536,-0.02050888,1.791759,-0.4076675,1.670778,0.3080728,-0.04510197,-0.04196848,0.4514577,-0.6931472,0.1506589,2.23452,-0.0753703,-1.354796,-1.048965,-1.006763,-1.958286,-1.655482,-1.804237,-0.4944603,2.000804,-0.1926143,-2.199126,-0.9683738,0.4205507,-0.3136155,-0.9085706,-0.5466255,0.8896182,-0.8523774,1.088192,-0.2693184,-1.240291,-0.06881432,-1.548813,-1.070025,-0.4574428,0.5451111,-1.236152,-0.2347102,0.3205606,-1.79276,-1.418818,1.286115,-0.09695153,0.5813773,1.612374,-0.7876777,-2.031795,-0.4841837,-0.8982053,-1.046969,-1.926206,0.597682,"2"
0.313496,-1.797576,-0.3166304,0.3557145,0.2980284,1.909557,0.1708392,0.1452253,-0.1333028,2.210536,-0.7620686,1.035069,-0.586987,-0.1293117,-0.02061095,0.8889195,0.9753895,0.3629055,2.129505,-1.085005,0.7338092,-0.4492603,-1.751578,-0.09442058,0.03893221,0.952854,-0.2567003,0.9265183,-0.2336991,-0.6254885,-0.08534005,-2.147292,0.5161116,0.4021262,2.244628,-0.06560576,0.9553191,-1.595042,-1.359068,-0.3450287,-0.05551271,-1.958286,1.000926,0.7069021,0.90008,-2.445301,-1.992164,0.5513532,0.4948182,-0.01989663,-2.048718,-3.64582,-0.9431482,-0.7431781,-0.7394006,0.3831513,-0.337713,0.2359413,0.8774252,0.6570017,-0.454918,"4"
0.7376424,-1.056703,-1.782602,-1.598498,1.187996,1.153984,0.3332528,-0.08741146,-0.2415621,1.711958,-0.4220519,1.22407,0.06212937,-0.9689007,-0.6639768,0.911037,0.6628941,0.01911612,1.797162,-0.4389702,0.1209779,-0.8340197,-1.212677,-0.3044892,-0.157707,1.508954,-0.7438091,-0.5535592,-0.1384578,-1.399582,0.2912507,-1.05843,-0.0692429,0.008761506,1.814515,-0.6587458,-0.04992581,-1.054691,-0.444102,0.2551072,0.2299205,-1.09273,-0.6296092,-0.6337468,0.572673,-1.133825,0.1292723,0.6714127,-0.2699731,-0.117658,-0.745283,-0.972861,-0.3392561,-0.5947509,0.9267558,-0.0418642,0.9560882,1.546434,0.4248755,0.3204154,0.1194705,"4"
1.026257,-2.640859,-0.05013607,-1.033387,1.632236,1.51017,0.6803658,-0.2011375,0.7675123,1.861798,-0.5271244,2.073574,-0.2172857,-2.209095,0.09803374,1.105224,-0.8223451,0.4882732,1.793109,-0.8587296,-0.2248951,-2.008424,-0.6620362,-0.836325,-1.4503,2.424643,0.221382,-0.7145751,-0.2980018,-2.869981,-0.184043,-0.2896841,0.000499875,-0.8171244,2.52704,0.7425562,1.880869,-0.8646475,-0.6812186,0.4304829,-1.207312,-1.677717,-1.110786,-0.148268,0.6737605,-1.847061,0.2158369,0.5858403,-0.065072,-0.2050581,-2.090705,-1.105033,0.5490458,-1.79096,0.8866971,-0.7094798,-0.5018659,1.795652,1.29981,0.7951621,-0.7874579,"4"
0.2157563,-1.085597,-1.546463,0.2784647,-0.2547632,1.674383,-0.1374247,-0.05171444,0.0617534,1.305843,-0.3969019,1.597143,-0.5739429,-0.7337609,-0.1136167,0.1866455,0.8083937,-0.924071,1.773612,-0.5600159,-0.09717191,-2.042531,-1.889813,0.8274158,-0.874669,1.727772,-0.8989421,-1.102319,-0.8081092,-2.628315,-0.4716049,-1.477095,-0.06166266,-1.267268,1.804643,0.07547846,-0.1734015,-1.188099,-0.3419271,-0.4604494,-0.2805079,-1.129175,-1.225878,0.09984533,-0.4126408,-1.71591,0.3882511,0.4617194,0.3565549,0.6486204,-1.974001,0.2547197,-1.368062,-0.951141,0.3609558,0.2577382,-0.1427163,1.62928,0.2291256,-0.3149848,1.040171,"4"
-0.1619309,-1.025827,0.03101405,0.2958734,-0.06091841,1.427628,0.328152,0.03169245,0.8882616,1.263985,-0.2830263,1.163557,-0.8979598,-0.8679769,0.06419471,1.24522,0.531569,0.4118447,1.301798,-1.096614,0.3544525,-1.963972,-1.9951,-0.2611051,-1.332564,1.627533,0.3552239,-1.383099,-0.5807118,-1.169893,-0.1972322,-0.3971994,0.2787675,-0.9508822,1.583238,-0.3514032,1.093298,-1.515037,-0.6148907,0.3583036,-1.160275,-1.156771,-1.128247,0.6004835,0.3393253,-1.666538,0.3789158,0.03207989,0.625457,-0.2870156,-2.414635,-2.818423,-0.4854828,-1.575036,0.3972313,-0.1119377,0.2989929,1.491037,1.134912,0.3356862,-0.0006001801,"4"
0.3710117,-1.813392,-0.953214,0.1127928,-0.0697789,1.931565,-0.3649952,0.2352302,0.03748844,1.830948,-0.02922286,1.575033,-0.2752266,-0.7425475,0.5233074,0.2632101,0.5128236,-1.616966,1.654392,-1.097813,0.8092844,-2.66069,-1.311929,0.355294,-1.590126,1.824936,-0.04457904,-0.9560716,-0.5198664,-2.066723,-0.6167418,-1.274038,0.08194858,-1.679324,1.823258,0.1715134,-1.033668,-1.199981,-0.9945226,-0.4097744,-0.1218287,-2.081844,0.1661075,-0.1505904,0.3241827,-2.348629,-0.02613866,0.6450068,0.1150237,0.2721623,-1.228607,-3.38434,-0.6141512,-1.297917,-0.349132,0.4304829,0.3298791,1.433011,-0.9988575,0.422912,-0.2512859,"4"
-0.03180031,-0.0790432,-0.573588,-2.556188,0.3333244,1.088461,0.6430111,0.4469909,1.080109,1.108695,0.5199241,1.394387,0.5134222,0.4611521,0.5510074,1.057825,-1.065081,0.2896801,1.332155,-0.713554,1.026866,-2.99174,-1.820159,-1.634243,-1.21672,1.428467,-2.414635,-0.6126738,-0.6460728,-1.643512,-0.5902296,-1.876011,0.2580473,0.3256279,1.435323,0.3784364,-1.859824,-2.534517,-1.282655,0.3096148,-0.1363926,-1.381108,0.3493885,-0.3578185,-0.2089941,-1.918684,0.05211795,1.147879,-0.7940731,-1.173444,-2.745752,-1.427116,-1.523719,-1.406497,0.630793,0.08535167,-1.397153,1.17844,-1.011976,1.124897,-0.4364915,"4"
0.3067491,-1.259133,-1.851509,0.4583105,0.1883036,1.764594,-0.2625343,-0.3276711,-0.7819784,2.631054,-1.804845,0.7505667,-0.5359725,-1.200977,-0.6919479,0.6124793,0.7863187,0.6436418,1.953524,-1.278337,0.5086833,-2.528232,-1.293168,-0.9720677,0.4030622,0.6173994,-0.3495575,-0.6066026,-0.801178,-1.820776,-0.09167679,-1.10262,-0.4615594,-0.6411242,2.431638,-0.6502793,-0.6597124,-1.259838,-1.526937,-1.513673,0.2134972,-1.496109,-1.503727,-0.8787541,0.9216364,-1.852784,-0.3329584,0.5704144,0.02058663,-0.1219417,-1.889152,-1.474907,-1.46188,-1.047824,-1.146333,0.1397619,0.958507,1.592231,-0.330868,-0.9426347,0.210585,"4"
0.4324316,-2.700082,-0.4021207,0.1307651,-0.5533852,1.809714,-0.6416939,-0.3400988,0.03372487,2.029713,-0.3974969,2.00867,-1.212005,-1.767848,0.001498876,0.1354046,0.4399309,-0.9555514,1.813015,-0.8999254,0.4221255,-3.280751,-2.582299,0.1917767,-1.230659,1.319299,-0.3694707,-0.671973,-0.2497442,-2.079442,-0.5787476,-1.80667,0.6240114,-1.203306,2.109413,-0.156303,-0.08555789,-1.615456,-0.8117055,0.6621208,-0.04217708,-2.197325,0.8105746,-0.08088473,0.1686451,-2.462754,-0.463942,0.8067437,0.01410012,0.414623,-1.752154,-2.297598,-1.03423,-0.8986964,-0.499556,0.8932677,-0.2243943,1.061257,-0.6009327,0.1015633,0.3305979,"4"
0.8929402,0.02683665,-0.06262036,-2.216407,0.8870267,1.265595,0.7777181,0.4787156,1.097812,1.411011,0.25278,1.395948,0.3269268,0.4329506,0.2030225,0.6022921,-0.8720346,0.6199311,1.533528,-0.02654934,0.8894538,-0.972861,-2.291645,-2.403511,0.2384656,1.106481,-1.382302,-0.7402388,0.08378953,-0.4480073,-0.3069329,-1.320132,0.3645042,-0.0692429,1.508224,0.2184124,-1.240983,-2.383795,-0.3478568,0.06485097,-0.7484485,-1.372391,0.5571556,-0.3875761,0.4238288,-1.123007,-1.297185,1.330359,0.2568878,-1.613446,-0.8228004,-1.270825,-0.01106095,-1.756199,0.5716573,0.365823,0.2330147,1.253762,0.02664193,1.12285,-0.5375119,"4"
0.1084059,0.3235317,-1.338266,-2.613195,0.6773734,1.461054,-0.2358489,0.308587,0.4323667,1.579102,0.4940253,1.752516,0.8404459,-0.5725237,0.2863812,0.9884998,-1.072652,0.5689436,1.824146,-0.507664,0.7899108,-2.140466,-1.328403,1.456077,-0.744651,1.927281,-0.9867132,-0.5573933,0.5188533,-1.639382,-1.00403,-0.02963481,0.1963066,0.6660843,1.978004,0.2799775,1.855407,-1.96326,-1.020818,0.602073,-1.303425,-1.67451,-0.3615439,-0.1624013,0.3704595,-1.516859,0.05467756,1.169537,1.026006,0.6101459,-1.648179,-0.03790957,-0.766148,-1.522802,-0.5050092,0.9650809,0.5542873,1.599993,1.795419,0.6242793,-1.909868,"4"
0.7331368,-0.09025299,-0.5436932,-2.698595,0.6252965,1.394287,0.2395679,0.3543823,0.7858175,1.455051,0.2508365,1.555488,0.7967411,-1.483687,0.1578581,0.9791528,-0.8250799,0.3712187,1.544451,-0.04071783,0.6254035,-1.587187,-0.5271244,1.044825,-0.2546342,1.622631,-0.4706438,-0.3582476,-0.03417745,-1.102319,-0.3781905,-0.1824816,-0.0849045,-0.3290598,1.609358,0.4121097,1.376446,-1.968974,-0.756087,0.646789,-1.415517,-1.820159,-1.683623,-0.8400244,0.691646,-1.717023,-0.4732088,1.134751,0.991324,-1.565421,-1.162191,-1.195013,-0.7548098,-1.106846,-0.5693379,-0.2390189,0.4443011,1.352738,1.437558,-1.653912,-2.499817,"4"
0.2394105,-0.7642136,-0.06785067,-2.688248,1.182616,1.570884,0.4229775,0.4545092,0.4703786,1.823274,-0.3651392,1.593999,0.855266,-0.1882591,-0.6009327,0.316561,-0.5180181,-0.04877016,1.848187,0.09321708,-0.5594908,0.5217656,-1.232715,1.105389,0.07788654,1.958319,-1.317888,-0.5987465,-0.5554744,-0.409172,-0.9370038,0.5637216,-0.2789206,-0.4136989,1.871525,-0.2034635,0.4146891,-2.395797,-1.174738,1.283929,-0.6185964,-2.055725,-0.6508543,0.0593061,-0.3815533,-1.996572,-1.992164,1.595582,0.1935911,0.3411043,-1.254214,-1.699363,-1.278696,-0.9498475,-0.02337099,0.4595113,-1.113218,1.006826,1.805909,-1.061895,-2.091514,"4"
1.242309,0.2511477,-1.092133,-2.415754,0.8693249,1.413691,0.6869782,-0.09014355,1.04767,1.427868,0.1491956,1.741956,0.5507192,0.09794307,0.1687296,0.9389911,-1.416754,0.6922468,1.982586,-0.9367486,0.489132,-0.9202988,-1.218748,1.095307,-0.00040008,2.078541,-0.9715392,-0.7612119,-0.05858296,-0.5020311,-0.1264707,-1.250017,-0.346159,0.300697,2.098202,0.735488,1.428923,-1.671313,-0.3019162,0.5254975,-0.1952852,-2.131999,0.2544096,-0.8027389,-0.001300846,-1.923464,0.5149172,1.344508,0.5558372,0.6764079,-0.9431482,0.649352,-1.522343,-1.071776,0.7102992,-0.8537855,-0.01440323,1.720389,1.130886,0.4698786,-1.270469,"4"
0.6202539,-0.6462636,-0.3844867,-1.199649,1.25937,1.985543,-0.1026974,0.6527418,-0.1684187,1.362437,-0.3586769,1.744231,0.1103779,-0.9205498,-0.7599282,0.6417486,-0.952177,-0.6198967,1.905847,-1.010052,0.3981048,-0.77349,-0.9945226,1.880792,-0.3720787,2.401244,-0.5158382,0.02936461,-0.6234346,-1.284099,-0.3720787,-0.713554,-0.2868824,-0.616001,2.288831,0.4203537,1.112647,-0.8758688,-0.795623,-0.5013705,-0.9145423,-1.28446,-0.1174331,-0.4531858,0.7566852,-1.181233,0.2506031,-0.02767957,0.2175278,1.713906,-0.9175415,-0.6903511,0.7184737,-0.944176,0.5693398,-0.4310907,0.301585,2.068697,0.3773399,-0.1543174,-0.8354022,"4"
1.131821,-0.9390477,-0.932166,-1.236152,1.739922,1.701087,0.4304829,-0.2704972,0.2489672,1.513191,-0.3701945,2.037512,0.3106415,-0.3894933,-0.8423435,0.2610557,-0.8989421,0.2770255,2.114652,-0.438505,0.09020627,-1.510045,-1.883217,-0.5207076,-0.283159,2.438339,-0.5698682,0.006776984,0.09984533,-2.45807,0.9635178,-0.8881893,0.2220229,0.8339086,2.489181,0.2277728,-0.1228458,-1.489435,-0.3736758,0.6719746,-0.05308437,-2.246205,0.6477313,-1.098112,0.7608058,-1.157726,0.9934,0.8162936,-0.8622761,1.142565,-1.992164,1.95263,0.6029489,-0.8255364,1.286861,-0.5094932,0.05675833,1.39669,0.9306669,0.7691355,-1.03423,"4"
0.7066555,-0.5974734,-0.9975008,-1.014179,1.760252,1.950044,-0.4405225,-0.6335584,0.825096,2.513219,0.1699959,-0.2970592,-0.03211005,0.4561582,-1.161552,0.2028592,-0.9347093,-0.01460615,2.560833,-0.4433228,-0.07915144,-0.3522561,-1.80363,1.237243,-1.043272,-0.244878,-1.447744,0.06803241,-0.531879,-2.046394,-0.474976,-1.001849,-0.02132579,-0.349132,2.943639,-1.107451,2.32177,-1.13538,-0.639796,0.3453612,-0.850503,-1.545056,0.2138202,-1.789761,0.8162936,-1.360627,-0.6115672,1.617446,-1.010052,1.730717,-2.132842,-1.764923,0.1802361,-0.9281103,-0.924575,-1.550697,-0.7178498,-0.5261085,1.283846,-0.814637,-1.821394,"4"
0.8025844,0.6547701,-1.223156,-1.736136,1.686362,1.965685,0.2198582,0.2709427,0.5714879,1.882925,0.1438406,1.729263,0.4891933,0.5888972,0.3214311,0.422781,-1.476219,-0.05371728,2.428751,-0.5247555,0.7528773,-1.848965,-1.594057,0.629728,-1.206643,2.393339,-1.704848,-0.7857012,-0.492822,-1.580365,-0.09993084,-0.7689489,-0.2621443,-0.3417863,2.367577,0.5371949,1.011492,-0.5093267,-0.7196965,0.1890489,-0.3939319,-1.354796,0.7390761,-1.205975,0.9040562,-0.8675006,-0.6857744,0.979303,0.2216224,-0.08425155,-1.738408,0.896904,0.3307416,-0.5079963,0.5664495,-1.928955,0.6895909,0.7185225,1.233289,0.7810665,-1.357513,"4"
0.2442003,-0.2523149,-1.508688,-1.943513,-0.7457044,2.250397,0.5745325,0.1698272,0.2569651,2.20441,-0.09080036,2.089157,-0.2840885,-0.01420035,0.1328687,-0.6508543,-1.397153,0.01449445,1.152279,-0.5271244,0.1579435,-1.659679,-1.897787,-0.5767874,-1.04384,1.680884,-2.007679,-0.9670578,-0.01877516,0.1019246,0.6858708,-2.542112,-1.067986,0.3545928,2.051839,1.045106,-0.6147058,-0.2451336,-0.445194,-1.245489,1.054451,-2.153303,-1.789761,-0.2838229,0.3353287,-2.31567,1.201199,1.028833,-0.5161732,0.6919465,-1.232372,1.191313,0.4951839,-2.314658,0.06961934,-0.7009778,-0.8610926,1.093801,1.323275,0.6788454,-0.7900987,"4"
0.7079373,-0.347149,0.0429637,-2.286712,-1.118101,2.864085,0.8072791,0.5519868,0.2907274,2.323563,-1.387495,2.383335,-0.8751488,-0.5992926,-0.578926,0.3935275,-2.058855,0.6664438,2.484165,-1.00403,-0.954512,-1.779633,-1.745831,0.3068227,-0.340661,2.950269,-1.953338,-1.549755,-1.057566,-0.4621942,-0.7076519,0.4473745,-0.6204545,-0.7129418,3.486154,0.3098349,-0.5864476,-1.114742,-0.7881174,-1.802416,-1.371997,-2.19015,-0.1790071,-1.388296,0.9371124,-0.6258624,-1.385894,1.95229,-0.3339355,-0.2044445,-1.400393,1.135458,-0.8344804,-0.2744368,0.9226306,-0.5426603,0.2035937,-0.4552333,0.4682521,-0.8928184,-1.50914,"4"
0.2240232,-1.495217,0.3864182,-2.297598,1.045809,1.257921,0.3469882,-0.6392273,0.6413274,1.395105,0.1061602,1.416848,0.4699411,-0.3255916,0.3167068,0.9137676,-0.808558,-0.01959065,1.447037,-0.2443672,-2.161954,-2.21549,-1.830708,-1.587187,-2.709051,1.350356,0.9701348,-1.439695,-0.4777133,1.002065,-2.20274,-1.236496,0.8417827,-1.958286,1.544686,-0.08012604,-2.04562,-2.99174,-0.4158185,-2.345493,-1.638867,-0.4381949,-1.773723,1.386819,-0.09409092,-1.705398,-2.935578,-0.5773216,-1.975442,-2.194628,-0.9090669,1.108332,1.303103,-0.2648774,1.015158,-2.325854,-1.991431,-1.026385,-2.569158,0.6016896,-0.2413075,"3"
0.216884,-2.058072,1.061257,-2.121097,0.3359721,1.081229,-0.1634605,0.8288574,0.3865541,1.300192,-0.1718565,1.466652,0.5517564,-0.03438443,0.4054651,0.8682763,-0.924827,0.4793969,1.463093,-0.8451335,-2.200931,-1.812166,-1.603953,-1.937942,-1.910543,1.046933,-0.7231941,-1.00076,0.4488438,0.3848542,-0.2046899,-1.015559,0.8161167,-2.010662,1.315308,0.1986869,-1.250366,-1.623537,-0.7806678,-2.052605,-1.830085,-0.8234837,-2.105375,1.125157,0.616698,-1.812166,-2.344449,-1.572624,-1.679324,-0.3742572,-1.220102,1.509286,1.396913,-1.625567,-0.6657266,-0.746337,-0.9060929,-0.5239109,-1.815847,-0.1220546,-0.3065252,"3"
-0.2429637,-1.949818,0.1507449,-1.918003,0.9384827,1.741413,-0.8105803,0.5404038,-0.08359902,1.976966,0.02244619,2.092827,-0.1188962,-0.4612421,0.008662373,0.8833542,-1.171506,0.2276932,1.529572,-0.922812,0.03469124,-1.826972,-1.351313,-1.237874,-1.94561,2.185332,-0.5642264,-1.597015,0.07139,1.125092,-0.9055981,-0.6749144,1.028011,0.1835708,2.093936,0.4837216,-1.18417,-1.914605,-1.123007,-1.629131,0.05638033,-0.7044104,-0.4222044,1.336579,0.2520808,-1.728221,-2.391416,-1.551169,-1.453717,-1.266558,-1.152013,0.613671,1.336369,-0.7689489,-0.2055492,-0.4700036,-0.5844722,-0.9125477,-1.021096,0.7395536,-0.4693638,"3"
-0.4193105,-2.552329,0.3343271,-0.08741146,-0.1594648,1.581244,-0.5257701,-0.5739429,0.01400152,1.340172,-0.1090339,1.390784,-0.606786,-0.4817524,0.6510223,0.5905606,0.9938812,-0.4688843,1.525752,-0.008838949,-1.606941,-1.71758,-1.15233,-1.92278,-2.721135,-0.9602426,1.12171,-0.7254638,-0.2156715,0.1819882,-2.136224,-1.606941,0.7232883,-0.4334017,-1.398367,-0.009848336,-1.931022,-1.497002,-1.293533,-2.015153,-1.827594,1.058519,-1.718137,1.227943,0.3641569,-2.031795,-3.442019,0.5313927,-1.595535,-2.73645,-0.3821393,-0.3129315,1.218201,0.724549,0.3679709,-1.760261,-2.176834,-1.180908,-2.371935,1.331865,-0.142947,"3"
-0.5261085,-2.068304,-1.134136,0.2332523,0.1577727,1.516862,-0.5723465,-0.2775997,0.06100102,1.437439,0.0185273,1.471325,-0.9127968,-0.3191039,0.3954821,-0.67629,0.287957,-1.913249,1.239851,-0.518186,-2.335108,-2.092324,-1.889813,-1.959705,-2.430418,-1.729348,0.7765688,-1.404458,-1.112914,-0.1059162,-2.130314,-1.139747,0.4388999,-2.411285,-1.543182,-0.5497397,-1.853422,-1.373181,-0.4240365,-2.842153,-1.058719,0.0619414,-1.329536,1.254761,-0.0983849,-1.877317,-2.933697,-1.29244,-0.9142927,-2.156755,-0.7379354,0.4237633,0.9090647,0.1153802,-0.1000414,-1.613948,-2.424753,-1.004576,-2.840439,1.114584,0.20392,"3"
-0.3273936,-2.504701,-0.4480073,0.4814998,0.2654365,1.690114,-0.4552333,0.0453557,0.350516,1.62109,-0.3803823,1.669027,-0.809681,-0.8864892,-0.05213575,0.6632548,0.8329091,0.06887286,1.601023,-0.5363144,-1.915284,-2.545931,-2.640859,-2.639457,-3.733877,-3.310443,0.744173,0.1365394,-0.5101592,0.2428677,-1.890475,-2.43726,0.8453102,-3.211404,-2.782235,-0.4633061,-2.069095,-1.285183,-0.9942523,-3.564893,-1.248273,-0.2355958,-2.728763,0.824877,0.3692851,-2.36446,-4.635629,-0.565986,-1.831332,-2.695628,-1.063342,0.2068516,1.106944,-0.1877764,-0.3792127,-1.543182,-3.022076,-1.066823,-0.2225187,0.9201632,0.02712867,"3"
0.2965427,-2.065144,1.160742,0.4363176,-0.3945252,1.417454,-0.3379934,0.9948061,0.5952587,1.541887,-0.4455062,1.495418,-0.448477,-0.3887555,0.04955178,0.7356318,0.5779608,0.4912758,1.492859,-0.7137581,-2.04099,-2.318714,-1.702102,-2.097198,-2.854233,-0.4812668,-0.644357,0.1908683,0.1210665,0.3490358,-0.8818893,-2.108664,0.5789141,-2.633871,0.585005,0.5777363,-1.291348,-1.715354,-0.7092766,-2.47813,-1.096914,-0.302322,-2.747311,0.6265799,1.026364,-2.728763,-3.272804,-0.8896488,-1.805453,-0.33254,-1.496109,1.552423,0.7955232,-0.661261,-1.407314,-0.782197,-1.732736,-0.5124937,-3.174859,-0.2323104,-0.5810693,"3"
-0.5878867,-1.637837,-0.3465832,0.4916428,0.5237813,1.855188,-0.3629805,-0.2915562,0.1654297,1.922378,0.0453557,1.757375,-0.3001596,-0.771974,0.3215761,1.147847,0.3545928,0.4552706,1.809992,-1.471417,-2.534517,-1.360237,-2.582299,-1.84074,-3.042824,0.4262476,0.7695988,-1.056128,-1.184824,0.09157594,-2.50838,-1.342086,0.5699621,-1.502828,1.653991,-1.142251,-1.858541,-2.796881,-0.993982,-2.4986,-0.9784321,0.1244276,-0.9678472,1.055879,-0.2844872,-2.358098,-4.615221,-0.2134408,-1.317142,-2.673649,-1.492544,0.7356797,0.8732997,0.002097798,-1.035637,-1.80181,-4.803621,-0.6804284,-2.300587,0.5087435,0.761273,"3"
-0.061131,-2.056507,0.6195006,0.3079258,0.291699,1.559806,-0.4576009,0.5915573,0.5352645,1.714446,-0.02296161,1.772594,-0.7168253,-0.5644022,0.2268965,0.4978012,0.1329562,0.2597455,1.431339,-0.6899523,-1.309704,-2.052605,-1.613446,-1.852784,-2.69711,-1.629641,0.7465932,-0.2851519,-0.4106787,-0.5940261,-2.504701,-2.191939,1.237069,-1.771957,-1.00076,0.2781619,-1.718695,-0.7892176,-0.7236064,-2.047168,-0.9792305,-1.021651,-0.5454171,1.362079,-0.07450805,-2.148149,-2.7774,-1.064791,-1.669188,-2.027229,-1.349384,-0.9558115,-0.0741849,0.01999869,-1.456717,-1.908518,-3.032396,-1.033105,-1.864976,-0.09387122,0.2793726,"3"
0.2040015,-2.043302,0.2456875,0.1144887,0.5525049,1.408961,0.1365394,1.255815,0.2755842,1.427916,-0.04489277,1.462584,-0.4791655,-0.2222689,0.8505782,1.192103,-0.01055551,-0.3321217,1.292753,-1.153914,-2.000261,-2.695628,-1.422129,-0.6804284,-2.400198,0.488764,0.5349132,-1.041571,-0.2886158,0.2268168,-3.03864,-3.072613,1.209498,-3.496608,1.07606,-1.033949,-1.805453,-1.704848,-0.6991653,-1.972562,-1.227241,-0.347149,-0.43866,1.103202,0.3524862,-2.556188,-3.798694,-1.280854,-1.099613,-2.521986,-1.189741,-2.238672,0.9662231,0.3970296,-0.8573145,-2.024196,-3.79424,-0.8237116,-0.8901358,0.2502917,0.1813211,"3"
0.2424755,-2.859455,0.2603623,0.3612345,0.4368992,1.933418,-0.4007761,1.050787,0.1176941,1.772475,0.3377571,1.83517,-0.5155032,-0.2684025,0.4756129,1.297682,0.4427609,-0.09409092,1.714482,-1.131032,-1.971125,-2.229335,-3.313187,-2.24055,-2.835316,-1.104429,0.3724597,-0.01227503,-0.4055651,0.2302383,-2.727233,-2.700082,0.8823202,-1.538048,-0.03946874,-0.08599371,-2.024953,-0.5071657,-1.018877,-3.579129,-1.507784,-1.680397,-1.20364,0.857941,0.09066303,-3.299544,-3.79424,-1.550226,-2.204551,-3.575551,-1.79096,-1.199981,0.4348945,-0.06400533,-1.926206,-3.201527,-2.701571,-1.397962,-4.840893,-0.5907711,-0.3173169,"3"
0.5337997,-1.529241,0.436059,0.5837786,-0.01298393,1.736106,0.1288329,0.3491769,0.7904554,1.671699,-0.4481639,1.540366,-0.5320493,-0.7605699,0.2129316,0.2220229,0.4043311,-0.3433357,1.753885,-1.464905,-1.343618,-1.621005,-2.328929,-1.952633,-2.985782,-4.000854,1.36387,-1.050966,-0.2643562,0.293341,-1.406905,-2.432694,0.824614,-3.33541,-3.557851,0.04094999,-1.547403,-1.357124,-0.8945292,-0.9160408,-0.760142,-1.258781,-2.629701,1.782567,-0.2567003,-2.931819,-0.9296293,-0.9390477,-1.137249,-2.213659,-1.564943,0.6773734,0.5900064,0.3199798,-1.296088,-1.578909,-2.521986,-0.7528972,0.06005976,0.5922213,0.4378032,"3"
-1.940027,-2.877061,0.07129688,-2.121932,0.84998,1.203993,0.09048035,0.8189425,0.6291952,1.540431,0.321141,1.580318,-0.006319929,-1.231001,-0.5481814,1.333078,-0.4741723,0.6794539,1.625233,-0.5358016,-2.126114,-2.476938,-0.2241441,-2.04176,-2.077843,-2.124439,-2.185691,-1.096614,-1.958286,-1.610939,-2.51084,-1.435905,0.3038015,-2.643668,-2.141317,-0.8178038,-1.459726,-2.571773,0.861581,-2.51084,-1.735568,-2.402405,-1.116878,-2.291645,-1.515948,-1.368454,-2.69711,1.413982,-2.524479,-1.943513,-2.290657,-1.549755,-1.925519,-1.859824,0.001698557,-1.280494,0.873258,-0.5507799,-1.976163,-0.2154234,-1.069442,"1"
-1.051824,-2.887775,0.6408534,-2.085057,0.695644,1.50964,0.7975072,0.3704595,1.027939,1.650849,0.1576019,1.675937,0.3550837,-0.6367668,-0.2211455,1.173565,-0.4409887,0.3067491,1.922656,-0.6128583,-2.254748,-2.149006,-0.1497769,-1.571661,-1.649739,-1.871452,-2.161086,-1.085005,-1.283016,-1.664422,-2.521986,-1.486778,-0.4967584,-2.251892,-1.677717,-0.9942523,-1.089157,-2.902242,0.7171566,-0.5428324,-1.918684,-1.874706,-1.527397,-1.520054,-1.066242,-0.7832907,-1.549755,0.1139535,-2.131999,-1.529241,-2.275943,-2.177716,-2.188364,-1.94561,-0.4709641,-2.308603,-1.731041,-0.9576337,-2.093135,-0.8449007,-2.950759,"1"
-0.9686372,-2.748872,0.3336826,-1.144133,0.7488184,1.209677,0.4921931,0.501684,1.122492,1.398791,0.132168,1.454677,0.6554453,-0.3472905,-0.2686641,1.317534,-0.3872814,1.092963,1.466929,-0.9038682,-2.647896,-1.544118,-0.05361177,-1.905824,-1.549755,-2.224699,-2.210006,-1.395941,-1.199317,-2.069095,-2.419119,-1.412638,0.2436518,-2.234926,-1.789761,-0.3862509,-1.316768,-2.787093,0.7378337,0.3073376,-1.508236,-2.20274,-0.1236376,-1.344385,-1.852147,-0.01969263,-2.440698,1.101707,-1.673976,-1.771957,-2.47813,-2.230264,-2.413517,-1.799388,0.2409835,-2.290657,-0.3742572,-0.2600669,-1.962548,0.258279,-1.831957,"1"
-2.683846,-2.117767,-0.5232356,-2.174192,0.5430217,1.338731,0.1942501,0.599276,0.6373702,1.527772,0.287357,1.661461,0.9533553,-0.4381949,-0.4394356,1.069938,-0.5732331,0.831212,1.664532,-1.111394,-1.817077,-2.284745,0.2314291,-1.831957,-1.789163,-1.751001,-1.924149,-0.847698,-1.515037,-0.435409,-2.187472,-1.2269,0.4120434,-2.028748,-1.023319,-0.1537341,-1.427116,-2.569158,-0.382579,-1.770194,-1.651824,-1.175709,-0.159934,-1.629641,-0.4992265,0.7420326,-2.680922,1.142693,-1.836339,-2.158485,-1.096614,-2.053384,-1.906497,-1.873403,-0.7151883,-1.352086,-0.2316799,-0.7985077,-2.420243,-0.2392729,-2.831914,"1"
-1.207646,-2.47813,0.09430968,0.2734564,-0.2836901,1.105985,0.8012838,0.3815822,0.7148108,1.480194,-0.5461074,1.416023,-0.5033536,-0.9673209,-0.2212703,0.3503751,-0.02490764,-0.1518699,1.678628,-0.9377698,-2.939352,-2.032558,-0.2352161,-1.746977,-2.047168,-2.248097,-1.807889,-0.6358221,-2.336142,-2.175952,-1.776674,-1.634756,0.1398489,-2.61456,-2.346537,-0.951141,-1.878625,-1.71758,1.21072,-1.347843,-0.6597124,-1.426283,-1.564943,-1.925519,-0.2185292,0.4554609,-1.926892,0.7852705,-1.222476,-2.22285,-2.455736,-3.101093,-2.221005,-0.67119,0.5567546,-1.394327,-0.9428914,-0.5598408,-2.653562,0.5601299,-1.543182,"1"
-1.684161,-2.053384,0.5638354,0.3144457,-0.6301724,1.570967,0.1373242,1.036985,0.9736536,1.509463,-0.2471801,1.648255,-0.6290463,-0.7160065,-0.10425,0.4744935,0.6859715,0.21793,1.447977,-0.8180304,-2.30559,-2.04176,-0.05045154,-1.530627,-2.339249,-3.182062,-2.221005,-1.104731,-2.189256,-1.822631,-2.438405,-1.667597,0.3241827,-2.324831,-1.992897,0.08691137,-2.028748,-1.61445,0.6756449,-2.828524,-1.753308,-1.283377,-0.02132579,-0.3046248,-0.7302262,0.2315085,-2.893176,0.6119371,-0.8262215,-2.647896,-1.604948,-1.94631,-0.8063159,-0.9182927,-0.4722461,-1.359458,0.4590059,-0.7027936,-3.112266,0.3161237,-1.928955,"1"
-2.258568,-2.308603,-1.443076,0.2330939,-0.03066541,1.532665,-0.4084195,0.7951621,0.3762422,1.762142,-0.1963799,1.538651,-0.7552354,-0.9446902,-0.4208326,1.007958,0.7124595,0.06062462,1.84803,-1.276185,-2.795243,-1.443923,0.2689579,-1.404866,-2.020418,-2.24526,-2.091514,-1.312672,-2.416874,-2.407946,-2.200931,-1.422543,0.1544364,-1.278337,-1.895788,-0.735846,-1.712579,-1.414282,-0.3051674,-0.8365558,-1.296088,-0.2502578,0.4984089,-1.352473,-1.774313,0.7325602,-2.960365,0.05154826,-0.8641728,-1.435485,-1.836966,-2.667868,-2.933697,-1.290257,-1.644029,-1.648179,0.6439044,-0.123864,-2.688248,-0.4006268,-2.835316,"1"
-1.146333,-3.007805,-0.02932583,0.2378351,0.04229291,1.318417,-0.5404261,0.1830713,0.5034384,1.73725,-0.140182,1.823839,-0.5507799,-0.7412876,-0.3908228,0.943322,-0.1751871,-0.5271244,1.850123,-2.26915,-2.63666,-1.475344,0.3290159,-2.011409,-2.135377,-2.375156,-1.829461,-2.053384,-1.501032,-3.125841,-2.095571,-1.150432,0.5388882,-2.018158,-1.779633,-0.8287378,-1.931022,-1.087376,-0.2626643,-2.427015,-0.6533497,-0.4100757,0.6522731,-1.857258,-1.381108,0.6829453,-0.3429129,0.3080728,-1.49388,-2.166307,-1.820159,-2.058072,-2.744196,-1.120245,-1.919366,-2.224699,-0.47965,-1.076166,-3.208925,-0.9829649,-2.145581,"1"
